item,0,1,t
0,-118799.26320660043,-2792.8763726843736,0
1,-118799.42864375345,1876.7805672497452,0
2,-118799.29469356811,-2572.770724116194,0
3,-118799.43977798539,2218.148186607419,0
4,-118755.15202061705,23345.783415163773,0
5,-118778.28138034207,-2876.3200084799773,0
6,-118799.42058241872,1039.6083290343663,0
7,-118799.33546294118,-1146.851594352975,0
8,-118799.43896497352,1253.4996643368627,0
9,-118799.43427452196,1925.9701489230642,0
10,-118799.26768794209,-2841.0228189224345,0
11,-118799.3791333431,-344.66488629407434,0
12,-118799.3864223924,480.1624183682157,0
13,-118799.42474089496,1656.2362367219373,0
14,-118799.36872287614,52.18718070227599,0
15,-118799.4295390495,1702.3024952187332,0
16,-118799.42738885284,1414.0212630241244,0
17,-118799.42764084887,1306.4097623019409,0
18,-118799.404397865,725.4393419835014,0
19,-118799.4279520879,1570.1070714357086,0
20,-118799.32731771725,-1739.9155962069226,0
21,-118799.39655551406,754.5195081160481,0
22,-118799.4067292989,920.8445514083929,0
23,-118799.42917398857,1680.4263714040983,0
24,-118799.29839196322,-2317.967505623357,0
25,-118799.43690254426,2210.510703823162,0
26,-118799.35811863982,-29.575640732794827,0
27,-118799.35403545942,-450.17769496767164,0
28,-118799.40686472562,1101.7675910418623,0
29,-118799.44108046952,2221.8913048083373,0
30,-118799.37548020897,403.5035697807192,0
31,-118799.43716424951,2097.896431737436,0
32,-118799.20385880917,-6299.794643740212,0
33,-118799.37102771917,-296.9629063395176,0
34,-118799.31137715939,-1805.3828583405434,0
35,-118799.36499951611,-287.0548951014002,0
36,-118799.39767024697,224.15840161966423,0
37,-118799.37980554654,156.7312190381463,0
38,-118799.43177606532,2093.8324481371974,0
39,-118799.12959572143,-5931.071376673966,0
40,-118799.3874095519,160.41595505244806,0
41,-118799.43323709979,1830.8365939955568,0
42,-118799.29349298037,-2081.11873055584,0
43,-118799.44129649515,2424.252073753403,0
44,-118799.39437638817,914.5173718105611,0
45,-118799.40133984241,437.4568994237938,0
46,-118799.30071105537,-1688.2674553585725,0
47,-118799.34191011793,-1225.8310170249877,0
48,-118799.33455293791,-623.9908759163411,0
49,-118799.34299388592,-578.2389044829597,0
50,-118799.41713030542,1289.3104852300678,0
51,-118799.32053298737,-1358.7513512343016,0
52,-118799.25885066103,-2908.7465353745442,0
53,-118799.28240466144,-2802.302683130303,0
54,-118799.28507986505,-2803.5105820837334,0
55,-118799.28077055395,-2839.3096900158425,0
56,-118799.30043134536,-2512.470167475782,0
57,-118799.4382929305,2184.8425173180863,0
58,-118799.4173629788,999.2095779831835,0
59,-118799.41694523791,978.53278550773,0
60,-118799.41325116195,1110.3768630917016,0
61,-118799.41689329449,954.5117843728626,0
62,-118799.3848370987,-78.68964242095716,0
63,-118799.43567515003,1965.7854294584283,0
64,-118799.43365446423,1892.394538258832,0
65,-118799.43314245937,1867.4463577464644,0
66,-118799.43430831315,1963.2521091982348,0
67,-118799.43422376321,1950.3450794015573,0
68,-118799.32910799982,-1300.5946460219332,0
69,-118799.33082941413,-1180.8549154059924,0
70,-118799.33742476991,-1051.0142880450983,0
71,-118799.33129802888,-1306.382334220789,0
72,-118799.38464656901,532.867333029515,0
73,-118799.43018669877,1850.7214637890236,0
74,-118799.4329315956,1862.796081893693,0
75,-118799.43624692773,1761.6034695840983,0
76,-118799.42899784313,1674.0653315571324,0
77,-118799.42882405348,1624.7773611317152,0
78,-118799.42669976008,1617.1592603034826,0
79,-118799.42993891712,1696.2790209613638,0
80,-118799.36264297187,-172.24345032499832,0
81,-118799.42787534323,1338.8315336341636,0
82,-118799.33032394577,-1757.563608883439,0
83,-118799.39596769377,839.2944986865591,0
84,-118799.42615790993,1651.1448078421079,0
85,-118799.39539433662,729.8324123344019,0
86,-118799.37852663644,414.52523617712393,0
87,-118799.36526467359,125.50041536598538,0
88,-118799.40809576711,1206.969419813561,0
89,-118799.30857016423,-1818.2266361804393,0
90,-118798.4326777179,2054.9758339975588,0
91,-118798.36046669372,-14.953967033199172,0
92,-118798.44020013908,1234.2509893461613,0
93,-118798.4150813763,951.7194054617052,0
94,-118798.37786110562,-245.08518671488702,0
95,-118798.4023281602,821.7317218080659,0
96,-118798.4069005639,404.9173776078233,0
97,-118798.27697545243,-2805.5097828845624,0
98,-118798.42204300797,1202.1233049407965,0
99,-118797.40604154464,949.7488218497917,0
100,-118796.37481556389,214.48978963002378,0
101,-118798.43414121117,2052.7542041106312,0
102,-118798.40309586679,711.1303579960775,0
103,-118798.26706882232,-2953.7424668918907,0
104,-118798.29421042172,-2530.8787693774107,0
105,-118798.42981002101,1744.3037772479872,0
106,-118797.39572252604,726.5061922405025,0
107,-118798.43480795539,1971.1361486109872,0
108,-118798.37046453201,-100.83968258385221,0
109,-118798.26556090306,-2736.2630397167213,0
110,-118797.43743973858,1188.697784655731,0
111,-118798.26534948921,-2894.1210621974283,0
112,-118798.416192492,746.5759129380799,0
113,-118798.41341701304,885.8303956164817,0
114,-118798.30712697614,-2336.822122004884,0
115,-118798.39513231588,404.49949177736437,0
116,-118798.38564771027,343.6699472445283,0
117,-118798.43901317261,2114.053810137359,0
118,-118798.43143809297,1941.4421508186892,0
119,-118798.43812939947,1310.19572906143,0
120,-118797.42844363801,1659.0307371081756,0
121,-118798.43963798389,2263.490452866163,0
122,-118797.42911849817,1679.3829008539321,0
123,-118794.43157164285,1839.576564071462,0
124,-118797.2846090451,-2781.6136246202386,0
125,-118796.44688835074,1391.0023600792747,0
126,-118797.44057962071,1230.6907693792216,0
127,-118797.32986771254,-1722.0706774832038,0
128,-118795.43412799173,1976.775481128976,0
129,-118797.43002408362,1974.9088382721955,0
130,-118798.43386935197,1426.0574520656705,0
131,-118798.26355176955,-2889.938851777818,0
132,-118796.41559986766,944.569837274681,0
133,-118798.30877039461,-1831.4915153155212,0
134,-118798.33856807149,-1062.50326578749,0
135,-118798.20218944583,-6336.5239659004465,0
136,-118797.27045775474,-2902.5632518044827,0
137,-118798.25644925576,-2975.306613596134,0
138,-118798.42766412799,1340.2798098224678,0
139,-118798.27343878344,-2788.840501324138,0
140,-118798.29207698359,-2578.1975449882375,0
141,-118795.26185144238,-2855.5759235679166,0
142,-118798.37294481957,-200.30287978736945,0
143,-118796.33624152021,-1110.3472375414683,0
144,-118796.44072524698,2224.6069066595255,0
145,-118798.4292565974,1476.4960125436114,0
146,-118798.43229794488,1840.6957637641203,0
147,-118796.3604484989,-243.6635378020858,0
148,-118798.406468147,938.4452520315199,0
149,-118798.39685960957,762.8704944923239,0
150,-118792.4400430392,2241.5777713665716,0
151,-118782.43664368967,2020.8327537050197,0
152,-118798.36246474832,56.666232743847644,0
153,-118797.28490107795,-2580.4541778212315,0
154,-118798.42876642461,1848.5326614114588,0
155,-118798.2813778403,-2803.885121091903,0
156,-118761.28439109608,-2804.3052430066286,0
157,-118797.30991632442,-2114.1617595081793,0
158,-118793.38826442663,-164.6752255913934,0
159,-118798.2706526893,-2580.5682144857383,0
160,-118798.41469866132,713.7973822273955,0
161,-118798.40345252771,707.8669219058504,0
162,-118780.43503821905,1975.9971290650062,0
163,-118795.4278869262,1658.1728338480154,0
164,-118791.44103931263,2264.787153912351,0
165,-118797.33498537092,-1117.1586211507256,0
166,-118798.33177660742,-1223.9476806759267,0
167,-118795.43432112152,1968.15691891247,0
168,-118793.38946214096,-115.02336952717334,0
169,-118790.28190759724,-2852.164453185045,0
170,-118790.28343827424,-2800.7094529103047,0
171,-118795.30599279399,-2381.917868061055,0
172,-118793.44117020242,2256.8314320036675,0
173,-118797.32501486628,-1838.118551116765,0
174,-118798.4310906728,1537.3727335384617,0
175,-118701.43480966135,1995.6709729482934,0
176,-118796.43500576781,2182.726586549044,0
177,-118797.43642861226,1191.256131122446,0
178,-118792.28426171349,-2695.3011512937474,0
179,-118797.28269663376,-2842.0419526708124,0
180,-118796.27821246981,-2911.868756147383,0
181,-118798.27589233957,-2514.3861292511965,0
182,-118794.41637185082,961.6760010368957,0
183,-118791.26195963215,-2951.1254288351606,0
184,-118768.26064401698,-2829.3972434294774,0
185,-118798.2704059098,-3007.437006781594,0
186,-118797.2838405591,-2748.1480893999205,0
187,-118796.3107010157,-2309.023474218644,0
188,-118797.2893435725,-2704.894014662287,0
189,-118785.30410610262,-2421.8748521498646,0
190,-118716.25996498985,-2877.697891725369,0
191,-118792.38753567317,604.0967190199865,0
192,-118799.26016367564,-2818.519005367258,0
193,-118799.26019801018,-2918.839754138988,0
194,-118799.25781116613,-2904.4866097215418,0
195,-118799.25827624732,-2846.1370483990977,0
196,-118799.28007506384,-2887.608945938833,0
197,-118799.28669410491,-2679.847848622506,0
198,-118799.28723384868,-2708.145450018828,0
199,-118799.29191014265,-2625.1888767858486,0
200,-118799.44133533434,2291.4225881282628,0
201,-118799.43081203649,1203.230734128597,0
202,-118799.4436551098,1285.2852949642383,0
203,-118799.43511516537,1144.0722548986391,0
204,-118799.43171510047,1165.723178173443,0
205,-118799.43212634229,1230.0983121924914,0
206,-118799.43524671931,1177.0942067252115,0
207,-118799.37776866539,-274.0630569010698,0
208,-118799.37594595917,-329.4871677125961,0
209,-118799.38680190267,-155.736690051208,0
210,-118799.43374902052,1927.8446257384833,0
211,-118799.33443450124,-1144.187135995332,0
212,-118799.26385558944,-2895.816336186969,0
213,-118799.26219630276,-2984.2725854334703,0
214,-118799.27203063863,-2757.5749205615493,0
215,-118799.3843101829,545.1351286448038,0
216,-118799.385680677,588.944715278397,0
217,-118799.43162257617,1852.9343454219993,0
218,-118799.4300922245,1635.4298235353513,0
219,-118799.42656132509,1330.1572438736298,0
220,-118799.41705841832,1157.2873433982506,0
221,-118799.39783600678,768.2357478688277,0
222,-118799.39560983151,764.8049101244741,0
223,-118799.39228342315,740.404292584006,0
224,-118799.35184660782,-415.99862745125176,0
225,-118799.41077321775,1251.3040082042319,0
226,-118799.36119022447,39.70569433738901,0
227,-118799.36697348075,128.13391875187472,0
228,-118799.31269135127,-1721.404340318173,0
229,-118799.43590586336,2037.5749396459425,0
230,-118799.43501759657,2045.1601428533304,0
231,-118799.40635347045,407.92524010084037,0
232,-118799.33462694852,-858.2401177786605,0
233,-118799.34660508423,-457.18977987803544,0
234,-118799.34915009225,-469.8858594011693,0
235,-118799.34831343914,-454.55697346273917,0
236,-118799.35302610997,-315.8085945328647,0
237,-118799.35114494995,-417.0799773263893,0
238,-118799.34250606266,-1269.96785844318,0
239,-118799.34025314705,-1264.4857640003604,0
240,-118799.3999969403,1036.9937664969514,0
241,-118799.4007049296,1038.0848739603919,0
242,-118799.43220879954,1814.046875003371,0
243,-118799.41145991786,716.4037490092747,0
244,-118799.51037160707,2795.517362241109,0
245,-118799.51570144371,2964.3937235775343,0
0,-118532.26320681408,-2792.8673561076416,1
1,-118626.4286438919,1876.7864094511483,1
2,-118655.29469368335,-2572.7658612433497,1
3,-118707.43977805901,2218.1512934428474,1
4,-118754.15202061785,23345.783448933726,1
5,-118778.28138034207,-2876.3200084799773,1
6,-118782.42058243233,1039.6089031235215,1
7,-118784.33546295318,-1146.8510878037207,1
8,-118784.43896498553,1253.500170886117,1
9,-118784.43427453397,1925.9706554723186,1
10,-118784.2676879541,-2841.02231237318,1
11,-118786.3791333535,-344.6644472847203,1
12,-118787.38642240199,480.1628236076194,1
13,-118787.42474090456,1656.2366419613409,1
14,-118791.36872288254,52.187450861878446,1
15,-118791.4295390559,1702.3027653783356,1
16,-118792.42738885844,1414.0214994137764,1
17,-118792.42764085447,1306.4099986915928,1
18,-118792.40439787059,725.4395783731536,1
19,-118792.42795209351,1570.1073078253605,1
20,-118793.32731772205,-1739.915393587221,1
21,-118793.39655551886,754.51971073575,1
22,-118793.40672930371,920.8447540280948,1
23,-118794.42917399257,1680.4265402538497,1
24,-118795.29839196643,-2317.9673705435557,1
25,-118795.43690254746,2210.5108389029633,1
26,-118796.35811864222,-29.57553942294391,1
27,-118796.35403546182,-450.1775936578207,1
28,-118796.40686472802,1101.767692351713,1
29,-118796.44108047192,2221.891406118188,1
30,-118796.37548021137,403.50367109057015,1
31,-118797.43716425111,2097.8964992773367,1
32,-118797.20385881077,-6299.794576200312,1
33,-118797.37102772077,-296.962838799617,1
34,-118797.311377161,-1805.3827908006429,1
35,-118798.36499951691,-287.05486133144984,1
36,-118798.39767024777,224.15843538961454,1
37,-118798.37980554735,156.7312528080966,1
38,-118798.43177606612,2093.8324819071477,1
39,-118799.12959572143,-5931.071376673966,1
40,-118799.3874095519,160.41595505244806,1
41,-118799.43323709979,1830.8365939955568,1
42,-118799.29349298037,-2081.11873055584,1
43,-118799.44129649515,2424.252073753403,1
44,-118799.39437638817,914.5173718105611,1
45,-118799.40133984241,437.4568994237938,1
46,-118799.30071105537,-1688.2674553585725,1
47,-118799.34191011793,-1225.8310170249877,1
48,-118799.33455293791,-623.9908759163411,1
49,-118799.34299388592,-578.2389044829597,1
50,-118799.41713030542,1289.3104852300678,1
51,-118799.32053298737,-1358.7513512343016,1
52,-118799.25885066103,-2908.7465353745442,1
53,-118799.28240466144,-2802.302683130303,1
54,-118799.28507986505,-2803.5105820837334,1
55,-118799.28077055395,-2839.3096900158425,1
56,-118799.30043134536,-2512.470167475782,1
57,-118799.4382929305,2184.8425173180863,1
58,-118799.4173629788,999.2095779831835,1
59,-118799.41694523791,978.53278550773,1
60,-118799.41325116195,1110.3768630917016,1
61,-118799.41689329449,954.5117843728626,1
62,-118799.3848370987,-78.68964242095716,1
63,-118799.43567515003,1965.7854294584283,1
64,-118799.43365446423,1892.394538258832,1
65,-118799.43314245937,1867.4463577464644,1
66,-118799.43430831315,1963.2521091982348,1
67,-118799.43422376321,1950.3450794015573,1
68,-118799.32910799982,-1300.5946460219332,1
69,-118799.33082941413,-1180.8549154059924,1
70,-118799.33742476991,-1051.0142880450983,1
71,-118799.33129802888,-1306.382334220789,1
72,-118799.38464656901,532.867333029515,1
73,-118799.43018669877,1850.7214637890236,1
74,-118799.4329315956,1862.796081893693,1
75,-118799.43624692773,1761.6034695840983,1
76,-118799.42899784313,1674.0653315571324,1
77,-118799.42882405348,1624.7773611317152,1
78,-118799.42669976008,1617.1592603034826,1
79,-118799.42993891712,1696.2790209613638,1
80,-118799.36264297187,-172.24345032499832,1
81,-118799.42787534323,1338.8315336341636,1
82,-118799.33032394577,-1757.563608883439,1
83,-118799.39596769377,839.2944986865591,1
84,-118799.42615790993,1651.1448078421079,1
85,-118799.39539433662,729.8324123344019,1
86,-118799.37852663644,414.52523617712393,1
87,-118799.36526467359,125.50041536598538,1
88,-118799.40809576711,1206.969419813561,1
89,-118799.30857016423,-1818.2266361804393,1
90,-118799.4326777171,2054.9758002276085,1
91,-118799.36046669292,-14.954000803149478,1
92,-118799.44020013828,1234.250955576211,1
93,-118799.4150813755,951.7193716917549,1
94,-118799.37786110482,-245.08522048483732,1
95,-118799.4023281594,821.7316880381156,1
96,-118799.4069005631,404.917343837873,1
97,-118799.27697545163,-2805.5098166545126,1
98,-118799.42204300717,1202.1232711708462,1
99,-118799.40604154304,949.7487543098911,1
100,-118799.37481556149,214.48968832017286,1
101,-118799.43414121037,2052.754170340681,1
102,-118799.40309586599,711.1303242261272,1
103,-118799.26706882151,-2953.742500661841,1
104,-118799.29421042092,-2530.878803147361,1
105,-118799.42981002021,1744.303743478037,1
106,-118799.39572252444,726.5061247006018,1
107,-118799.43480795459,1971.136114841037,1
108,-118799.37046453121,-100.83971635380252,1
109,-118799.26556090226,-2736.2630734866716,1
110,-118799.437439737,1188.6977171158305,1
111,-118799.26534948841,-2894.1210959673786,1
112,-118799.4161924912,746.5758791681296,1
113,-118799.41341701224,885.8303618465314,1
114,-118799.30712697534,-2336.8221557748343,1
115,-118799.39513231508,404.49945800741403,1
116,-118799.38564770947,343.669913474578,1
117,-118799.43901317181,2114.053776367409,1
118,-118799.43143809217,1941.442117048739,1
119,-118799.43812939867,1310.1956952914798,1
120,-118799.42844363641,1659.030669568275,1
121,-118799.43963798309,2263.490419096213,1
122,-118799.42911849657,1679.3828333140316,1
123,-118799.43157163885,1839.5763952217105,1
124,-118799.2846090435,-2781.613692160139,1
125,-118799.44688834834,1391.0022587694239,1
126,-118799.44057961911,1230.690701839321,1
127,-118799.32986771094,-1722.0707450231043,1
128,-118799.43412798853,1976.775346049175,1
129,-118799.43002408202,1974.908770732295,1
130,-118799.43386935117,1426.0574182957203,1
131,-118799.26355176874,-2889.938885547768,1
132,-118799.41559986526,944.5697359648301,1
133,-118799.3087703938,-1831.4915490854714,1
134,-118799.33856807069,-1062.5032995574402,1
135,-118799.20218944503,-6336.523999670397,1
136,-118799.27045775314,-2902.563319344383,1
137,-118799.25644925496,-2975.3066473660842,1
138,-118799.42766412719,1340.2797760525175,1
139,-118799.27343878263,-2788.8405350940884,1
140,-118799.29207698279,-2578.197578758188,1
141,-118799.26185143918,-2855.5760586477177,1
142,-118799.37294481877,-200.30291355731976,1
143,-118799.33624151781,-1110.3473388513191,1
144,-118799.44072524458,2224.6068053496747,1
145,-118799.4292565966,1476.4959787736611,1
146,-118799.43229794408,1840.69572999417,1
147,-118799.3604484965,-243.66363911193673,1
148,-118799.4064681462,938.4452182615696,1
149,-118799.39685960877,762.8704607223737,1
150,-118799.4400430336,2241.5775349769197,1
151,-118799.43664367606,2020.8321796158646,1
152,-118799.36246474752,56.66619897389733,1
153,-118799.28490107635,-2580.454245361132,1
154,-118799.4287664238,1848.5326276415085,1
155,-118799.2813778395,-2803.885154861853,1
156,-118799.28439106568,-2804.30652626474,1
157,-118799.30991632282,-2114.16182704808,1
158,-118799.38826442182,-164.67542821109524,1
159,-118799.2706526885,-2580.5682482556886,1
160,-118799.41469866052,713.7973484574452,1
161,-118799.40345252691,707.8668881359001,1
162,-118799.43503820384,1975.9964874359505,1
163,-118799.427886923,1658.1726987682143,1
164,-118799.44103930623,2264.786883752749,1
165,-118799.33498536932,-1117.1586886906261,1
166,-118799.33177660662,-1223.947714445877,1
167,-118799.43432111831,1968.156783832669,1
168,-118799.38946213615,-115.02357214687518,1
169,-118799.28190759003,-2852.1647571145977,1
170,-118799.28343826704,-2800.709756839857,1
171,-118799.30599279079,-2381.918003140856,1
172,-118799.44117019762,2256.831229383966,1
173,-118799.32501486468,-1838.1186186566656,1
174,-118799.431090672,1537.3726997685114,1
175,-118799.43480958293,1995.6676634931634,1
176,-118799.43500576541,2182.726485239193,1
177,-118799.43642861066,1191.2560635825455,1
178,-118799.28426170789,-2695.3013876833993,1
179,-118799.28269663216,-2842.042020210713,1
180,-118799.27821246741,-2911.868857457234,1
181,-118799.27589233877,-2514.386163021147,1
182,-118799.41637184682,961.6758321871442,1
183,-118799.26195962574,-2951.125698994763,1
184,-118799.26064399217,-2829.398290297937,1
185,-118799.270405909,-3007.437040551544,1
186,-118799.2838405575,-2748.148156939821,1
187,-118799.3107010133,-2309.023575528495,1
188,-118799.2893435709,-2704.8940822021877,1
189,-118799.30410609141,-2421.875324929169,1
190,-118799.25996492343,-2877.7006946312445,1
191,-118799.38753566757,604.0964826303343,1
192,-118799.26016367564,-2818.519005367258,1
193,-118799.26019801018,-2918.839754138988,1
194,-118799.25781116613,-2904.4866097215418,1
195,-118799.25827624732,-2846.1370483990977,1
196,-118799.28007506384,-2887.608945938833,1
197,-118799.28669410491,-2679.847848622506,1
198,-118799.28723384868,-2708.145450018828,1
199,-118799.29191014265,-2625.1888767858486,1
200,-118799.44133533434,2291.4225881282628,1
201,-118799.43081203649,1203.230734128597,1
202,-118799.4436551098,1285.2852949642383,1
203,-118799.43511516537,1144.0722548986391,1
204,-118799.43171510047,1165.723178173443,1
205,-118799.43212634229,1230.0983121924914,1
206,-118799.43524671931,1177.0942067252115,1
207,-118799.37776866539,-274.0630569010698,1
208,-118799.37594595917,-329.4871677125961,1
209,-118799.38680190267,-155.736690051208,1
210,-118799.43374902052,1927.8446257384833,1
211,-118799.33443450124,-1144.187135995332,1
212,-118799.26385558944,-2895.816336186969,1
213,-118799.26219630276,-2984.2725854334703,1
214,-118799.27203063863,-2757.5749205615493,1
215,-118799.3843101829,545.1351286448038,1
216,-118799.385680677,588.944715278397,1
217,-118799.43162257617,1852.9343454219993,1
218,-118799.4300922245,1635.4298235353513,1
219,-118799.42656132509,1330.1572438736298,1
220,-118799.41705841832,1157.2873433982506,1
221,-118799.39783600678,768.2357478688277,1
222,-118799.39560983151,764.8049101244741,1
223,-118799.39228342315,740.404292584006,1
224,-118799.35184660782,-415.99862745125176,1
225,-118799.41077321775,1251.3040082042319,1
226,-118799.36119022447,39.70569433738901,1
227,-118799.36697348075,128.13391875187472,1
228,-118799.31269135127,-1721.404340318173,1
229,-118799.43590586336,2037.5749396459425,1
230,-118799.43501759657,2045.1601428533304,1
231,-118799.40635347045,407.92524010084037,1
232,-118799.33462694852,-858.2401177786605,1
233,-118799.34660508423,-457.18977987803544,1
234,-118799.34915009225,-469.8858594011693,1
235,-118799.34831343914,-454.55697346273917,1
236,-118799.35302610997,-315.8085945328647,1
237,-118799.35114494995,-417.0799773263893,1
238,-118799.34250606266,-1269.96785844318,1
239,-118799.34025314705,-1264.4857640003604,1
240,-118799.3999969403,1036.9937664969514,1
241,-118799.4007049296,1038.0848739603919,1
242,-118799.43220879954,1814.046875003371,1
243,-118799.41145991786,716.4037490092747,1
244,-118799.51037160707,2795.517362241109,1
245,-118799.51570144371,2964.3937235775343,1
0,-118433.2632068933,-2792.8640128825614,2
1,-118579.4286439295,1876.7879966388127,2
2,-118622.29469370974,-2572.7647468349896,2
3,-118704.43977806141,2218.1513947526983,2
4,-118754.15202061785,23345.783448933726,2
5,-118778.28138034207,-2876.3200084799773,2
6,-118776.42058243713,1039.6091057432232,2
7,-118765.33546296839,-1146.8504461746647,2
8,-118771.43896499593,1253.5006098954711,2
9,-118776.43427454037,1925.970925631921,2
10,-118780.2676879573,-2841.0221772933787,2
11,-118778.37913335991,-344.6641771251179,2
12,-118774.3864224124,480.1632626169734,2
13,-118783.42474090777,1656.2367770411422,2
14,-118786.36872288655,52.18761971162998,2
15,-118790.4295390567,1702.3027991482859,2
16,-118792.42738885844,1414.0214994137764,2
17,-118789.42764085687,1306.4101000014439,2
18,-118790.40439787219,725.4396459130542,2
19,-118790.42795209511,1570.1073753652613,2
20,-118790.32731772444,-1739.9152922773699,2
21,-118788.39655552286,754.5198795855015,2
22,-118791.40672930531,920.8448215679954,2
23,-118789.42917399657,1680.4267091036013,2
24,-118792.29839196883,-2317.967269233705,2
25,-118794.43690254826,2210.5108726729136,2
26,-118794.35811864381,-29.575471883043292,2
27,-118794.35403546342,-450.1775261179201,2
28,-118795.40686472882,1101.7677261216634,2
29,-118794.44108047352,2221.8914736580887,2
30,-118793.37548021377,403.50377240042104,2
31,-118796.43716425191,2097.896533047287,2
32,-118797.20385881077,-6299.794576200312,2
33,-118797.37102772077,-296.962838799617,2
34,-118796.3113771618,-1805.3827570306926,2
35,-118798.36499951691,-287.05486133144984,2
36,-118793.39767025177,224.15860423936607,2
37,-118798.37980554735,156.7312528080966,2
38,-118798.43177606612,2093.8324819071477,2
39,-118799.12959572143,-5931.071376673966,2
40,-118798.3874095527,160.41598882239836,2
41,-118798.43323710059,1830.836627765507,2
42,-118799.29349298037,-2081.11873055584,2
43,-118799.44129649515,2424.252073753403,2
44,-118797.39437638977,914.5174393504618,2
45,-118799.40133984241,437.4568994237938,2
46,-118798.30071105617,-1688.2674215886223,2
47,-118796.34191012033,-1225.8309157151368,2
48,-118799.33455293791,-623.9908759163411,2
49,-118791.34299389232,-578.2386343233572,2
50,-118799.41713030542,1289.3104852300678,2
51,-118799.32053298737,-1358.7513512343016,2
52,-118799.25885066103,-2908.7465353745442,2
53,-118799.28240466144,-2802.302683130303,2
54,-118799.28507986505,-2803.5105820837334,2
55,-118799.28077055395,-2839.3096900158425,2
56,-118799.30043134536,-2512.470167475782,2
57,-118799.4382929305,2184.8425173180863,2
58,-118799.4173629788,999.2095779831835,2
59,-118799.41694523791,978.53278550773,2
60,-118799.41325116195,1110.3768630917016,2
61,-118799.41689329449,954.5117843728626,2
62,-118799.3848370987,-78.68964242095716,2
63,-118799.43567515003,1965.7854294584283,2
64,-118799.43365446423,1892.394538258832,2
65,-118799.43314245937,1867.4463577464644,2
66,-118799.43430831315,1963.2521091982348,2
67,-118799.43422376321,1950.3450794015573,2
68,-118799.32910799982,-1300.5946460219332,2
69,-118799.33082941413,-1180.8549154059924,2
70,-118799.33742476991,-1051.0142880450983,2
71,-118799.33129802888,-1306.382334220789,2
72,-118799.38464656901,532.867333029515,2
73,-118799.43018669877,1850.7214637890236,2
74,-118799.4329315956,1862.796081893693,2
75,-118799.43624692773,1761.6034695840983,2
76,-118799.42899784313,1674.0653315571324,2
77,-118799.42882405348,1624.7773611317152,2
78,-118799.42669976008,1617.1592603034826,2
79,-118799.42993891712,1696.2790209613638,2
80,-118799.36264297187,-172.24345032499832,2
81,-118799.42787534323,1338.8315336341636,2
82,-118799.33032394577,-1757.563608883439,2
83,-118799.39596769377,839.2944986865591,2
84,-118799.42615790993,1651.1448078421079,2
85,-118799.39539433662,729.8324123344019,2
86,-118799.37852663644,414.52523617712393,2
87,-118799.36526467359,125.50041536598538,2
88,-118799.40809576711,1206.969419813561,2
89,-118799.30857016423,-1818.2266361804393,2
90,-118799.4326777171,2054.9758002276085,2
91,-118799.36046669292,-14.954000803149478,2
92,-118799.44020013828,1234.250955576211,2
93,-118799.4150813755,951.7193716917549,2
94,-118799.37786110482,-245.08522048483732,2
95,-118799.4023281594,821.7316880381156,2
96,-118799.4069005631,404.917343837873,2
97,-118799.27697545163,-2805.5098166545126,2
98,-118799.42204300717,1202.1232711708462,2
99,-118799.40604154304,949.7487543098911,2
100,-118799.37481556149,214.48968832017286,2
101,-118799.43414121037,2052.754170340681,2
102,-118799.40309586599,711.1303242261272,2
103,-118799.26706882151,-2953.742500661841,2
104,-118799.29421042092,-2530.878803147361,2
105,-118799.42981002021,1744.303743478037,2
106,-118799.39572252444,726.5061247006018,2
107,-118799.43480795459,1971.136114841037,2
108,-118799.37046453121,-100.83971635380252,2
109,-118799.26556090226,-2736.2630734866716,2
110,-118799.437439737,1188.6977171158305,2
111,-118799.26534948841,-2894.1210959673786,2
112,-118799.4161924912,746.5758791681296,2
113,-118799.41341701224,885.8303618465314,2
114,-118799.30712697534,-2336.8221557748343,2
115,-118799.39513231508,404.49945800741403,2
116,-118799.38564770947,343.669913474578,2
117,-118799.43901317181,2114.053776367409,2
118,-118799.43143809217,1941.442117048739,2
119,-118799.43812939867,1310.1956952914798,2
120,-118799.42844363641,1659.030669568275,2
121,-118799.43963798309,2263.490419096213,2
122,-118799.42911849657,1679.3828333140316,2
123,-118799.43157163885,1839.5763952217105,2
124,-118799.2846090435,-2781.613692160139,2
125,-118799.44688834834,1391.0022587694239,2
126,-118799.44057961911,1230.690701839321,2
127,-118799.32986771094,-1722.0707450231043,2
128,-118799.43412798853,1976.775346049175,2
129,-118799.43002408202,1974.908770732295,2
130,-118799.43386935117,1426.0574182957203,2
131,-118799.26355176874,-2889.938885547768,2
132,-118799.41559986526,944.5697359648301,2
133,-118799.3087703938,-1831.4915490854714,2
134,-118799.33856807069,-1062.5032995574402,2
135,-118799.20218944503,-6336.523999670397,2
136,-118799.27045775314,-2902.563319344383,2
137,-118799.25644925496,-2975.3066473660842,2
138,-118799.42766412719,1340.2797760525175,2
139,-118799.27343878263,-2788.8405350940884,2
140,-118799.29207698279,-2578.197578758188,2
141,-118799.26185143918,-2855.5760586477177,2
142,-118799.37294481877,-200.30291355731976,2
143,-118799.33624151781,-1110.3473388513191,2
144,-118799.44072524458,2224.6068053496747,2
145,-118799.4292565966,1476.4959787736611,2
146,-118799.43229794408,1840.69572999417,2
147,-118799.3604484965,-243.66363911193673,2
148,-118799.4064681462,938.4452182615696,2
149,-118799.39685960877,762.8704607223737,2
150,-118799.4400430336,2241.5775349769197,2
151,-118799.43664367606,2020.8321796158646,2
152,-118799.36246474752,56.66619897389733,2
153,-118799.28490107635,-2580.454245361132,2
154,-118799.4287664238,1848.5326276415085,2
155,-118799.2813778395,-2803.885154861853,2
156,-118799.28439106568,-2804.30652626474,2
157,-118799.30991632282,-2114.16182704808,2
158,-118799.38826442182,-164.67542821109524,2
159,-118799.2706526885,-2580.5682482556886,2
160,-118799.41469866052,713.7973484574452,2
161,-118799.40345252691,707.8668881359001,2
162,-118799.43503820384,1975.9964874359505,2
163,-118799.427886923,1658.1726987682143,2
164,-118799.44103930623,2264.786883752749,2
165,-118799.33498536932,-1117.1586886906261,2
166,-118799.33177660662,-1223.947714445877,2
167,-118799.43432111831,1968.156783832669,2
168,-118799.38946213615,-115.02357214687518,2
169,-118799.28190759003,-2852.1647571145977,2
170,-118799.28343826704,-2800.709756839857,2
171,-118799.30599279079,-2381.918003140856,2
172,-118799.44117019762,2256.831229383966,2
173,-118799.32501486468,-1838.1186186566656,2
174,-118799.431090672,1537.3726997685114,2
175,-118799.43480958293,1995.6676634931634,2
176,-118799.43500576541,2182.726485239193,2
177,-118799.43642861066,1191.2560635825455,2
178,-118799.28426170789,-2695.3013876833993,2
179,-118799.28269663216,-2842.042020210713,2
180,-118799.27821246741,-2911.868857457234,2
181,-118799.27589233877,-2514.386163021147,2
182,-118799.41637184682,961.6758321871442,2
183,-118799.26195962574,-2951.125698994763,2
184,-118799.26064399217,-2829.398290297937,2
185,-118799.270405909,-3007.437040551544,2
186,-118799.2838405575,-2748.148156939821,2
187,-118799.3107010133,-2309.023575528495,2
188,-118799.2893435709,-2704.8940822021877,2
189,-118799.30410609141,-2421.875324929169,2
190,-118799.25996492343,-2877.7006946312445,2
191,-118799.38753566757,604.0964826303343,2
192,-118799.26016367564,-2818.519005367258,2
193,-118799.26019801018,-2918.839754138988,2
194,-118799.25781116613,-2904.4866097215418,2
195,-118799.25827624732,-2846.1370483990977,2
196,-118799.28007506384,-2887.608945938833,2
197,-118799.28669410491,-2679.847848622506,2
198,-118799.28723384868,-2708.145450018828,2
199,-118799.29191014265,-2625.1888767858486,2
200,-118799.44133533434,2291.4225881282628,2
201,-118799.43081203649,1203.230734128597,2
202,-118799.4436551098,1285.2852949642383,2
203,-118799.43511516537,1144.0722548986391,2
204,-118799.43171510047,1165.723178173443,2
205,-118799.43212634229,1230.0983121924914,2
206,-118799.43524671931,1177.0942067252115,2
207,-118799.37776866539,-274.0630569010698,2
208,-118799.37594595917,-329.4871677125961,2
209,-118799.38680190267,-155.736690051208,2
210,-118799.43374902052,1927.8446257384833,2
211,-118799.33443450124,-1144.187135995332,2
212,-118799.26385558944,-2895.816336186969,2
213,-118799.26219630276,-2984.2725854334703,2
214,-118799.27203063863,-2757.5749205615493,2
215,-118799.3843101829,545.1351286448038,2
216,-118799.385680677,588.944715278397,2
217,-118799.43162257617,1852.9343454219993,2
218,-118799.4300922245,1635.4298235353513,2
219,-118799.42656132509,1330.1572438736298,2
220,-118799.41705841832,1157.2873433982506,2
221,-118799.39783600678,768.2357478688277,2
222,-118799.39560983151,764.8049101244741,2
223,-118799.39228342315,740.404292584006,2
224,-118799.35184660782,-415.99862745125176,2
225,-118799.41077321775,1251.3040082042319,2
226,-118799.36119022447,39.70569433738901,2
227,-118799.36697348075,128.13391875187472,2
228,-118799.31269135127,-1721.404340318173,2
229,-118799.43590586336,2037.5749396459425,2
230,-118799.43501759657,2045.1601428533304,2
231,-118799.40635347045,407.92524010084037,2
232,-118799.33462694852,-858.2401177786605,2
233,-118799.34660508423,-457.18977987803544,2
234,-118799.34915009225,-469.8858594011693,2
235,-118799.34831343914,-454.55697346273917,2
236,-118799.35302610997,-315.8085945328647,2
237,-118799.35114494995,-417.0799773263893,2
238,-118799.34250606266,-1269.96785844318,2
239,-118799.34025314705,-1264.4857640003604,2
240,-118799.3999969403,1036.9937664969514,2
241,-118799.4007049296,1038.0848739603919,2
242,-118799.43220879954,1814.046875003371,2
243,-118799.41145991786,716.4037490092747,2
244,-118799.51037160707,2795.517362241109,2
245,-118799.51570144371,2964.3937235775343,2
0,-118357.26320695413,-2792.861446366338,3
1,-118471.42864401592,1876.7916437934457,3
2,-118578.29469374496,-2572.763260957176,3
3,-118691.43977807181,2218.1518337620523,3
4,-118754.15202061785,23345.783448933726,3
5,-118778.28138034207,-2876.3200084799773,3
6,-118768.42058244353,1039.6093759028256,3
7,-118754.3354629772,-1146.8500747052115,3
8,-118764.43896500154,1253.5008462851233,3
9,-118770.43427454517,1925.971128251623,3
10,-118775.2676879613,-2841.0220084436273,3
11,-118772.37913336471,-344.66397450541604,3
12,-118767.386422418,480.1634990066255,3
13,-118777.42474091257,1656.2369796608439,3
14,-118783.36872288895,52.187721021480904,3
15,-118787.4295390591,1702.3029004581367,3
16,-118784.42738886485,1414.0217695733788,3
17,-118787.42764085847,1306.4101675413444,3
18,-118781.40439787939,725.439949842607,3
19,-118782.42795210151,1570.1076455248638,3
20,-118790.32731772444,-1739.9152922773699,3
21,-118786.39655552446,754.519947125402,3
22,-118789.40672930691,920.844889107896,3
23,-118789.42917399657,1680.4267091036013,3
24,-118785.29839197443,-2317.9670328440525,3
25,-118793.43690254906,2210.510906442864,3
26,-118790.35811864701,-29.575336803242067,3
27,-118789.35403546742,-450.1773572681686,3
28,-118794.40686472962,1101.7677598916137,3
29,-118794.44108047352,2221.8914736580887,3
30,-118791.37548021537,403.50383994032165,3
31,-118794.43716425351,2097.8966005871875,3
32,-118797.20385881077,-6299.794576200312,3
33,-118797.37102772077,-296.962838799617,3
34,-118794.3113771634,-1805.382689490792,3
35,-118798.36499951691,-287.05486133144984,3
36,-118780.39767026217,224.15904324872008,3
37,-118798.37980554735,156.7312528080966,3
38,-118797.43177606692,2093.832515677098,3
39,-118799.12959572143,-5931.071376673966,3
40,-118793.3874095567,160.4161576721499,3
41,-118798.43323710059,1830.836627765507,3
42,-118799.29349298037,-2081.11873055584,3
43,-118799.44129649515,2424.252073753403,3
44,-118797.39437638977,914.5174393504618,3
45,-118798.40133984321,437.45693319374413,3
46,-118798.30071105617,-1688.2674215886223,3
47,-118794.34191012193,-1225.8308481752363,3
48,-118798.33455293872,-623.9908421463908,3
49,-118791.34299389232,-578.2386343233572,3
50,-118799.41713030542,1289.3104852300678,3
51,-118798.32053298817,-1358.7513174643514,3
52,-118799.25885066103,-2908.7465353745442,3
53,-118799.28240466144,-2802.302683130303,3
54,-118799.28507986505,-2803.5105820837334,3
55,-118799.28077055395,-2839.3096900158425,3
56,-118799.30043134536,-2512.470167475782,3
57,-118799.4382929305,2184.8425173180863,3
58,-118799.4173629788,999.2095779831835,3
59,-118799.41694523791,978.53278550773,3
60,-118799.41325116195,1110.3768630917016,3
61,-118799.41689329449,954.5117843728626,3
62,-118799.3848370987,-78.68964242095716,3
63,-118799.43567515003,1965.7854294584283,3
64,-118799.43365446423,1892.394538258832,3
65,-118799.43314245937,1867.4463577464644,3
66,-118799.43430831315,1963.2521091982348,3
67,-118799.43422376321,1950.3450794015573,3
68,-118799.32910799982,-1300.5946460219332,3
69,-118799.33082941413,-1180.8549154059924,3
70,-118799.33742476991,-1051.0142880450983,3
71,-118799.33129802888,-1306.382334220789,3
72,-118799.38464656901,532.867333029515,3
73,-118799.43018669877,1850.7214637890236,3
74,-118799.4329315956,1862.796081893693,3
75,-118799.43624692773,1761.6034695840983,3
76,-118799.42899784313,1674.0653315571324,3
77,-118799.42882405348,1624.7773611317152,3
78,-118799.42669976008,1617.1592603034826,3
79,-118799.42993891712,1696.2790209613638,3
80,-118799.36264297187,-172.24345032499832,3
81,-118799.42787534323,1338.8315336341636,3
82,-118799.33032394577,-1757.563608883439,3
83,-118799.39596769377,839.2944986865591,3
84,-118799.42615790993,1651.1448078421079,3
85,-118799.39539433662,729.8324123344019,3
86,-118799.37852663644,414.52523617712393,3
87,-118799.36526467359,125.50041536598538,3
88,-118799.40809576711,1206.969419813561,3
89,-118799.30857016423,-1818.2266361804393,3
90,-118799.4326777171,2054.9758002276085,3
91,-118799.36046669292,-14.954000803149478,3
92,-118799.44020013828,1234.250955576211,3
93,-118799.4150813755,951.7193716917549,3
94,-118799.37786110482,-245.08522048483732,3
95,-118799.4023281594,821.7316880381156,3
96,-118799.4069005631,404.917343837873,3
97,-118799.27697545163,-2805.5098166545126,3
98,-118799.42204300717,1202.1232711708462,3
99,-118799.40604154304,949.7487543098911,3
100,-118799.37481556149,214.48968832017286,3
101,-118799.43414121037,2052.754170340681,3
102,-118799.40309586599,711.1303242261272,3
103,-118799.26706882151,-2953.742500661841,3
104,-118799.29421042092,-2530.878803147361,3
105,-118799.42981002021,1744.303743478037,3
106,-118799.39572252444,726.5061247006018,3
107,-118799.43480795459,1971.136114841037,3
108,-118799.37046453121,-100.83971635380252,3
109,-118799.26556090226,-2736.2630734866716,3
110,-118799.437439737,1188.6977171158305,3
111,-118799.26534948841,-2894.1210959673786,3
112,-118799.4161924912,746.5758791681296,3
113,-118799.41341701224,885.8303618465314,3
114,-118799.30712697534,-2336.8221557748343,3
115,-118799.39513231508,404.49945800741403,3
116,-118799.38564770947,343.669913474578,3
117,-118799.43901317181,2114.053776367409,3
118,-118799.43143809217,1941.442117048739,3
119,-118799.43812939867,1310.1956952914798,3
120,-118799.42844363641,1659.030669568275,3
121,-118799.43963798309,2263.490419096213,3
122,-118799.42911849657,1679.3828333140316,3
123,-118799.43157163885,1839.5763952217105,3
124,-118799.2846090435,-2781.613692160139,3
125,-118799.44688834834,1391.0022587694239,3
126,-118799.44057961911,1230.690701839321,3
127,-118799.32986771094,-1722.0707450231043,3
128,-118799.43412798853,1976.775346049175,3
129,-118799.43002408202,1974.908770732295,3
130,-118799.43386935117,1426.0574182957203,3
131,-118799.26355176874,-2889.938885547768,3
132,-118799.41559986526,944.5697359648301,3
133,-118799.3087703938,-1831.4915490854714,3
134,-118799.33856807069,-1062.5032995574402,3
135,-118799.20218944503,-6336.523999670397,3
136,-118799.27045775314,-2902.563319344383,3
137,-118799.25644925496,-2975.3066473660842,3
138,-118799.42766412719,1340.2797760525175,3
139,-118799.27343878263,-2788.8405350940884,3
140,-118799.29207698279,-2578.197578758188,3
141,-118799.26185143918,-2855.5760586477177,3
142,-118799.37294481877,-200.30291355731976,3
143,-118799.33624151781,-1110.3473388513191,3
144,-118799.44072524458,2224.6068053496747,3
145,-118799.4292565966,1476.4959787736611,3
146,-118799.43229794408,1840.69572999417,3
147,-118799.3604484965,-243.66363911193673,3
148,-118799.4064681462,938.4452182615696,3
149,-118799.39685960877,762.8704607223737,3
150,-118799.4400430336,2241.5775349769197,3
151,-118799.43664367606,2020.8321796158646,3
152,-118799.36246474752,56.66619897389733,3
153,-118799.28490107635,-2580.454245361132,3
154,-118799.4287664238,1848.5326276415085,3
155,-118799.2813778395,-2803.885154861853,3
156,-118799.28439106568,-2804.30652626474,3
157,-118799.30991632282,-2114.16182704808,3
158,-118799.38826442182,-164.67542821109524,3
159,-118799.2706526885,-2580.5682482556886,3
160,-118799.41469866052,713.7973484574452,3
161,-118799.40345252691,707.8668881359001,3
162,-118799.43503820384,1975.9964874359505,3
163,-118799.427886923,1658.1726987682143,3
164,-118799.44103930623,2264.786883752749,3
165,-118799.33498536932,-1117.1586886906261,3
166,-118799.33177660662,-1223.947714445877,3
167,-118799.43432111831,1968.156783832669,3
168,-118799.38946213615,-115.02357214687518,3
169,-118799.28190759003,-2852.1647571145977,3
170,-118799.28343826704,-2800.709756839857,3
171,-118799.30599279079,-2381.918003140856,3
172,-118799.44117019762,2256.831229383966,3
173,-118799.32501486468,-1838.1186186566656,3
174,-118799.431090672,1537.3726997685114,3
175,-118799.43480958293,1995.6676634931634,3
176,-118799.43500576541,2182.726485239193,3
177,-118799.43642861066,1191.2560635825455,3
178,-118799.28426170789,-2695.3013876833993,3
179,-118799.28269663216,-2842.042020210713,3
180,-118799.27821246741,-2911.868857457234,3
181,-118799.27589233877,-2514.386163021147,3
182,-118799.41637184682,961.6758321871442,3
183,-118799.26195962574,-2951.125698994763,3
184,-118799.26064399217,-2829.398290297937,3
185,-118799.270405909,-3007.437040551544,3
186,-118799.2838405575,-2748.148156939821,3
187,-118799.3107010133,-2309.023575528495,3
188,-118799.2893435709,-2704.8940822021877,3
189,-118799.30410609141,-2421.875324929169,3
190,-118799.25996492343,-2877.7006946312445,3
191,-118799.38753566757,604.0964826303343,3
192,-118799.26016367564,-2818.519005367258,3
193,-118799.26019801018,-2918.839754138988,3
194,-118799.25781116613,-2904.4866097215418,3
195,-118799.25827624732,-2846.1370483990977,3
196,-118799.28007506384,-2887.608945938833,3
197,-118799.28669410491,-2679.847848622506,3
198,-118799.28723384868,-2708.145450018828,3
199,-118799.29191014265,-2625.1888767858486,3
200,-118799.44133533434,2291.4225881282628,3
201,-118799.43081203649,1203.230734128597,3
202,-118799.4436551098,1285.2852949642383,3
203,-118799.43511516537,1144.0722548986391,3
204,-118799.43171510047,1165.723178173443,3
205,-118799.43212634229,1230.0983121924914,3
206,-118799.43524671931,1177.0942067252115,3
207,-118799.37776866539,-274.0630569010698,3
208,-118799.37594595917,-329.4871677125961,3
209,-118799.38680190267,-155.736690051208,3
210,-118799.43374902052,1927.8446257384833,3
211,-118799.33443450124,-1144.187135995332,3
212,-118799.26385558944,-2895.816336186969,3
213,-118799.26219630276,-2984.2725854334703,3
214,-118799.27203063863,-2757.5749205615493,3
215,-118799.3843101829,545.1351286448038,3
216,-118799.385680677,588.944715278397,3
217,-118799.43162257617,1852.9343454219993,3
218,-118799.4300922245,1635.4298235353513,3
219,-118799.42656132509,1330.1572438736298,3
220,-118799.41705841832,1157.2873433982506,3
221,-118799.39783600678,768.2357478688277,3
222,-118799.39560983151,764.8049101244741,3
223,-118799.39228342315,740.404292584006,3
224,-118799.35184660782,-415.99862745125176,3
225,-118799.41077321775,1251.3040082042319,3
226,-118799.36119022447,39.70569433738901,3
227,-118799.36697348075,128.13391875187472,3
228,-118799.31269135127,-1721.404340318173,3
229,-118799.43590586336,2037.5749396459425,3
230,-118799.43501759657,2045.1601428533304,3
231,-118799.40635347045,407.92524010084037,3
232,-118799.33462694852,-858.2401177786605,3
233,-118799.34660508423,-457.18977987803544,3
234,-118799.34915009225,-469.8858594011693,3
235,-118799.34831343914,-454.55697346273917,3
236,-118799.35302610997,-315.8085945328647,3
237,-118799.35114494995,-417.0799773263893,3
238,-118799.34250606266,-1269.96785844318,3
239,-118799.34025314705,-1264.4857640003604,3
240,-118799.3999969403,1036.9937664969514,3
241,-118799.4007049296,1038.0848739603919,3
242,-118799.43220879954,1814.046875003371,3
243,-118799.41145991786,716.4037490092747,3
244,-118799.51037160707,2795.517362241109,3
245,-118799.51570144371,2964.3937235775343,3
0,-118231.26320705496,-2792.8571913525993,4
1,-118378.42864409034,1876.7947843988243,4
2,-118517.29469379377,-2572.7612009902073,4
3,-118676.43977808382,2218.152340311307,4
4,-118754.15202061785,23345.783448933726,4
5,-118778.28138034207,-2876.3200084799773,4
6,-118757.42058245234,1039.6097473722791,4
7,-118750.3354629804,-1146.8499396254101,4
8,-118749.43896501354,1253.501352834378,4
9,-118770.43427454517,1925.971128251623,4
10,-118769.2676879661,-2841.021805823925,4
11,-118756.37913337752,-344.66343418621113,4
12,-118753.3864224292,480.16397178592985,4
13,-118758.42474092777,1656.2376212898998,4
14,-118782.36872288973,52.18775479143121,4
15,-118781.4295390639,1702.3031030778386,4
16,-118782.42738886645,1414.0218371132796,4
17,-118786.42764085927,1306.4102013112947,4
18,-118773.4043978858,725.4402200022095,4
19,-118769.42795211192,1570.1080845342176,4
20,-118790.32731772444,-1739.9152922773699,4
21,-118786.39655552446,754.519947125402,4
22,-118785.40672931011,920.8450241876973,4
23,-118789.42917399657,1680.4267091036013,4
24,-118782.29839197683,-2317.9669315342016,4
25,-118793.43690254906,2210.510906442864,4
26,-118785.35811865101,-29.57516795349053,4
27,-118786.35403546982,-450.17725595831763,4
28,-118786.40686473603,1101.768030051216,4
29,-118785.44108048073,2221.8917775876416,4
30,-118780.37548022417,403.50421140977505,4
31,-118788.43716425831,2097.896803206889,4
32,-118797.20385881077,-6299.794576200312,4
33,-118797.37102772077,-296.962838799617,4
34,-118790.3113771666,-1805.3825544109907,4
35,-118794.36499952011,-287.0547262516486,4
36,-118763.39767027578,224.1596173378753,4
37,-118797.37980554815,156.7312865780469,4
38,-118797.43177606692,2093.832515677098,4
39,-118798.12959572223,-5931.071342904016,4
40,-118793.3874095567,160.4161576721499,4
41,-118795.43323710299,1830.8367290753579,4
42,-118798.29349298117,-2081.11869678589,4
43,-118798.44129649595,2424.252107523353,4
44,-118783.39437640097,914.517912129766,4
45,-118798.40133984321,437.45693319374413,4
46,-118798.30071105617,-1688.2674215886223,4
47,-118789.34191012592,-1225.8306793254847,4
48,-118798.33455293872,-623.9908421463908,4
49,-118791.34299389232,-578.2386343233572,4
50,-118799.41713030542,1289.3104852300678,4
51,-118798.32053298817,-1358.7513174643514,4
52,-118799.25885066103,-2908.7465353745442,4
53,-118799.28240466144,-2802.302683130303,4
54,-118799.28507986505,-2803.5105820837334,4
55,-118799.28077055395,-2839.3096900158425,4
56,-118799.30043134536,-2512.470167475782,4
57,-118799.4382929305,2184.8425173180863,4
58,-118799.4173629788,999.2095779831835,4
59,-118799.41694523791,978.53278550773,4
60,-118799.41325116195,1110.3768630917016,4
61,-118799.41689329449,954.5117843728626,4
62,-118799.3848370987,-78.68964242095716,4
63,-118799.43567515003,1965.7854294584283,4
64,-118799.43365446423,1892.394538258832,4
65,-118799.43314245937,1867.4463577464644,4
66,-118799.43430831315,1963.2521091982348,4
67,-118799.43422376321,1950.3450794015573,4
68,-118799.32910799982,-1300.5946460219332,4
69,-118799.33082941413,-1180.8549154059924,4
70,-118799.33742476991,-1051.0142880450983,4
71,-118799.33129802888,-1306.382334220789,4
72,-118799.38464656901,532.867333029515,4
73,-118799.43018669877,1850.7214637890236,4
74,-118799.4329315956,1862.796081893693,4
75,-118799.43624692773,1761.6034695840983,4
76,-118799.42899784313,1674.0653315571324,4
77,-118799.42882405348,1624.7773611317152,4
78,-118799.42669976008,1617.1592603034826,4
79,-118799.42993891712,1696.2790209613638,4
80,-118799.36264297187,-172.24345032499832,4
81,-118799.42787534323,1338.8315336341636,4
82,-118799.33032394577,-1757.563608883439,4
83,-118799.39596769377,839.2944986865591,4
84,-118799.42615790993,1651.1448078421079,4
85,-118799.39539433662,729.8324123344019,4
86,-118799.37852663644,414.52523617712393,4
87,-118799.36526467359,125.50041536598538,4
88,-118799.40809576711,1206.969419813561,4
89,-118799.30857016423,-1818.2266361804393,4
90,-118799.4326777171,2054.9758002276085,4
91,-118799.36046669292,-14.954000803149478,4
92,-118799.44020013828,1234.250955576211,4
93,-118799.4150813755,951.7193716917549,4
94,-118799.37786110482,-245.08522048483732,4
95,-118799.4023281594,821.7316880381156,4
96,-118799.4069005631,404.917343837873,4
97,-118799.27697545163,-2805.5098166545126,4
98,-118799.42204300717,1202.1232711708462,4
99,-118799.40604154304,949.7487543098911,4
100,-118799.37481556149,214.48968832017286,4
101,-118799.43414121037,2052.754170340681,4
102,-118799.40309586599,711.1303242261272,4
103,-118799.26706882151,-2953.742500661841,4
104,-118799.29421042092,-2530.878803147361,4
105,-118799.42981002021,1744.303743478037,4
106,-118799.39572252444,726.5061247006018,4
107,-118799.43480795459,1971.136114841037,4
108,-118799.37046453121,-100.83971635380252,4
109,-118799.26556090226,-2736.2630734866716,4
110,-118799.437439737,1188.6977171158305,4
111,-118799.26534948841,-2894.1210959673786,4
112,-118799.4161924912,746.5758791681296,4
113,-118799.41341701224,885.8303618465314,4
114,-118799.30712697534,-2336.8221557748343,4
115,-118799.39513231508,404.49945800741403,4
116,-118799.38564770947,343.669913474578,4
117,-118799.43901317181,2114.053776367409,4
118,-118799.43143809217,1941.442117048739,4
119,-118799.43812939867,1310.1956952914798,4
120,-118799.42844363641,1659.030669568275,4
121,-118799.43963798309,2263.490419096213,4
122,-118799.42911849657,1679.3828333140316,4
123,-118799.43157163885,1839.5763952217105,4
124,-118799.2846090435,-2781.613692160139,4
125,-118799.44688834834,1391.0022587694239,4
126,-118799.44057961911,1230.690701839321,4
127,-118799.32986771094,-1722.0707450231043,4
128,-118799.43412798853,1976.775346049175,4
129,-118799.43002408202,1974.908770732295,4
130,-118799.43386935117,1426.0574182957203,4
131,-118799.26355176874,-2889.938885547768,4
132,-118799.41559986526,944.5697359648301,4
133,-118799.3087703938,-1831.4915490854714,4
134,-118799.33856807069,-1062.5032995574402,4
135,-118799.20218944503,-6336.523999670397,4
136,-118799.27045775314,-2902.563319344383,4
137,-118799.25644925496,-2975.3066473660842,4
138,-118799.42766412719,1340.2797760525175,4
139,-118799.27343878263,-2788.8405350940884,4
140,-118799.29207698279,-2578.197578758188,4
141,-118799.26185143918,-2855.5760586477177,4
142,-118799.37294481877,-200.30291355731976,4
143,-118799.33624151781,-1110.3473388513191,4
144,-118799.44072524458,2224.6068053496747,4
145,-118799.4292565966,1476.4959787736611,4
146,-118799.43229794408,1840.69572999417,4
147,-118799.3604484965,-243.66363911193673,4
148,-118799.4064681462,938.4452182615696,4
149,-118799.39685960877,762.8704607223737,4
150,-118799.4400430336,2241.5775349769197,4
151,-118799.43664367606,2020.8321796158646,4
152,-118799.36246474752,56.66619897389733,4
153,-118799.28490107635,-2580.454245361132,4
154,-118799.4287664238,1848.5326276415085,4
155,-118799.2813778395,-2803.885154861853,4
156,-118799.28439106568,-2804.30652626474,4
157,-118799.30991632282,-2114.16182704808,4
158,-118799.38826442182,-164.67542821109524,4
159,-118799.2706526885,-2580.5682482556886,4
160,-118799.41469866052,713.7973484574452,4
161,-118799.40345252691,707.8668881359001,4
162,-118799.43503820384,1975.9964874359505,4
163,-118799.427886923,1658.1726987682143,4
164,-118799.44103930623,2264.786883752749,4
165,-118799.33498536932,-1117.1586886906261,4
166,-118799.33177660662,-1223.947714445877,4
167,-118799.43432111831,1968.156783832669,4
168,-118799.38946213615,-115.02357214687518,4
169,-118799.28190759003,-2852.1647571145977,4
170,-118799.28343826704,-2800.709756839857,4
171,-118799.30599279079,-2381.918003140856,4
172,-118799.44117019762,2256.831229383966,4
173,-118799.32501486468,-1838.1186186566656,4
174,-118799.431090672,1537.3726997685114,4
175,-118799.43480958293,1995.6676634931634,4
176,-118799.43500576541,2182.726485239193,4
177,-118799.43642861066,1191.2560635825455,4
178,-118799.28426170789,-2695.3013876833993,4
179,-118799.28269663216,-2842.042020210713,4
180,-118799.27821246741,-2911.868857457234,4
181,-118799.27589233877,-2514.386163021147,4
182,-118799.41637184682,961.6758321871442,4
183,-118799.26195962574,-2951.125698994763,4
184,-118799.26064399217,-2829.398290297937,4
185,-118799.270405909,-3007.437040551544,4
186,-118799.2838405575,-2748.148156939821,4
187,-118799.3107010133,-2309.023575528495,4
188,-118799.2893435709,-2704.8940822021877,4
189,-118799.30410609141,-2421.875324929169,4
190,-118799.25996492343,-2877.7006946312445,4
191,-118799.38753566757,604.0964826303343,4
192,-118799.26016367564,-2818.519005367258,4
193,-118799.26019801018,-2918.839754138988,4
194,-118799.25781116613,-2904.4866097215418,4
195,-118799.25827624732,-2846.1370483990977,4
196,-118799.28007506384,-2887.608945938833,4
197,-118799.28669410491,-2679.847848622506,4
198,-118799.28723384868,-2708.145450018828,4
199,-118799.29191014265,-2625.1888767858486,4
200,-118799.44133533434,2291.4225881282628,4
201,-118799.43081203649,1203.230734128597,4
202,-118799.4436551098,1285.2852949642383,4
203,-118799.43511516537,1144.0722548986391,4
204,-118799.43171510047,1165.723178173443,4
205,-118799.43212634229,1230.0983121924914,4
206,-118799.43524671931,1177.0942067252115,4
207,-118799.37776866539,-274.0630569010698,4
208,-118799.37594595917,-329.4871677125961,4
209,-118799.38680190267,-155.736690051208,4
210,-118799.43374902052,1927.8446257384833,4
211,-118799.33443450124,-1144.187135995332,4
212,-118799.26385558944,-2895.816336186969,4
213,-118799.26219630276,-2984.2725854334703,4
214,-118799.27203063863,-2757.5749205615493,4
215,-118799.3843101829,545.1351286448038,4
216,-118799.385680677,588.944715278397,4
217,-118799.43162257617,1852.9343454219993,4
218,-118799.4300922245,1635.4298235353513,4
219,-118799.42656132509,1330.1572438736298,4
220,-118799.41705841832,1157.2873433982506,4
221,-118799.39783600678,768.2357478688277,4
222,-118799.39560983151,764.8049101244741,4
223,-118799.39228342315,740.404292584006,4
224,-118799.35184660782,-415.99862745125176,4
225,-118799.41077321775,1251.3040082042319,4
226,-118799.36119022447,39.70569433738901,4
227,-118799.36697348075,128.13391875187472,4
228,-118799.31269135127,-1721.404340318173,4
229,-118799.43590586336,2037.5749396459425,4
230,-118799.43501759657,2045.1601428533304,4
231,-118799.40635347045,407.92524010084037,4
232,-118799.33462694852,-858.2401177786605,4
233,-118799.34660508423,-457.18977987803544,4
234,-118799.34915009225,-469.8858594011693,4
235,-118799.34831343914,-454.55697346273917,4
236,-118799.35302610997,-315.8085945328647,4
237,-118799.35114494995,-417.0799773263893,4
238,-118799.34250606266,-1269.96785844318,4
239,-118799.34025314705,-1264.4857640003604,4
240,-118799.3999969403,1036.9937664969514,4
241,-118799.4007049296,1038.0848739603919,4
242,-118799.43220879954,1814.046875003371,4
243,-118794.41145992186,716.4039178590263,4
244,-118799.51037160707,2795.517362241109,4
245,-118799.51570144371,2964.3937235775343,4
0,-118227.26320705816,-2792.857056272798,5
1,-118274.42864417356,1876.7982964736561,5
2,-118459.29469384019,-2572.75924233309,5
3,-118661.43977809582,2218.1528468605616,5
4,-118754.15202061785,23345.783448933726,5
5,-118778.28138034207,-2876.3200084799773,5
6,-118733.42058247155,1039.6105578510865,5
7,-118698.335463022,-1146.8481835879943,5
8,-118723.43896503434,1253.5022308530858,5
9,-118730.43427457719,1925.9724790496352,5
10,-118767.2676879677,-2841.0217382840247,5
11,-118742.37913338872,-344.66296140690685,5
12,-118735.38642244361,480.16457964503536,5
13,-118752.42474093258,1656.2378239096017,5
14,-118782.36872288973,52.18775479143121,5
15,-118773.4295390703,1702.303373237441,5
16,-118775.42738887205,1414.0220735029318,5
17,-118780.42764086407,1306.4104039309966,5
18,-118767.4043978906,725.4404226219112,5
19,-118758.42795212072,1570.108456003671,5
20,-118787.32731772684,-1739.915190967519,5
21,-118783.39655552687,754.520048435253,5
22,-118785.40672931011,920.8450241876973,5
23,-118789.42917399657,1680.4267091036013,5
24,-118778.29839198003,-2317.9667964544005,5
25,-118792.43690254986,2210.510940212814,5
26,-118778.35811865662,-29.574931563838383,5
27,-118785.35403547062,-450.17722218836735,5
28,-118773.40686474643,1101.7684690605702,5
29,-118779.44108048553,2221.8919802073433,5
30,-118772.37548023058,403.5044815693775,5
31,-118777.43716426712,2097.8971746763427,5
32,-118795.20385881237,-6299.79450866041,5
33,-118795.37102772237,-296.96277125971636,5
34,-118789.3113771674,-1805.3825206410404,5
35,-118791.36499952251,-287.0546249417977,5
36,-118722.39767030858,224.16100190583788,5
37,-118795.37980554975,156.73135411794752,5
38,-118794.43177606932,2093.832616986949,5
39,-118798.12959572223,-5931.071342904016,5
40,-118787.3874095615,160.41636029185176,5
41,-118793.43323710459,1830.8367966152584,5
42,-118797.29349298197,-2081.1186630159395,5
43,-118796.44129649755,2424.2521750632536,5
44,-118774.39437640818,914.5182160593188,5
45,-118793.40133984722,437.45710204349564,5
46,-118794.30071105938,-1688.2672865088211,5
47,-118789.34191012592,-1225.8306793254847,5
48,-118798.33455293872,-623.9908421463908,5
49,-118790.34299389312,-578.238600553407,5
50,-118799.41713030542,1289.3104852300678,5
51,-118797.32053298898,-1358.751283694401,5
52,-118799.25885066103,-2908.7465353745442,5
53,-118799.28240466144,-2802.302683130303,5
54,-118799.28507986505,-2803.5105820837334,5
55,-118799.28077055395,-2839.3096900158425,5
56,-118799.30043134536,-2512.470167475782,5
57,-118799.4382929305,2184.8425173180863,5
58,-118799.4173629788,999.2095779831835,5
59,-118799.41694523791,978.53278550773,5
60,-118799.41325116195,1110.3768630917016,5
61,-118799.41689329449,954.5117843728626,5
62,-118799.3848370987,-78.68964242095716,5
63,-118799.43567515003,1965.7854294584283,5
64,-118799.43365446423,1892.394538258832,5
65,-118799.43314245937,1867.4463577464644,5
66,-118799.43430831315,1963.2521091982348,5
67,-118799.43422376321,1950.3450794015573,5
68,-118799.32910799982,-1300.5946460219332,5
69,-118799.33082941413,-1180.8549154059924,5
70,-118799.33742476991,-1051.0142880450983,5
71,-118799.33129802888,-1306.382334220789,5
72,-118799.38464656901,532.867333029515,5
73,-118799.43018669877,1850.7214637890236,5
74,-118799.4329315956,1862.796081893693,5
75,-118799.43624692773,1761.6034695840983,5
76,-118799.42899784313,1674.0653315571324,5
77,-118799.42882405348,1624.7773611317152,5
78,-118799.42669976008,1617.1592603034826,5
79,-118799.42993891712,1696.2790209613638,5
80,-118799.36264297187,-172.24345032499832,5
81,-118799.42787534323,1338.8315336341636,5
82,-118799.33032394577,-1757.563608883439,5
83,-118799.39596769377,839.2944986865591,5
84,-118799.42615790993,1651.1448078421079,5
85,-118799.39539433662,729.8324123344019,5
86,-118799.37852663644,414.52523617712393,5
87,-118799.36526467359,125.50041536598538,5
88,-118799.40809576711,1206.969419813561,5
89,-118799.30857016423,-1818.2266361804393,5
90,-118799.4326777171,2054.9758002276085,5
91,-118799.36046669292,-14.954000803149478,5
92,-118799.44020013828,1234.250955576211,5
93,-118799.4150813755,951.7193716917549,5
94,-118799.37786110482,-245.08522048483732,5
95,-118799.4023281594,821.7316880381156,5
96,-118799.4069005631,404.917343837873,5
97,-118799.27697545163,-2805.5098166545126,5
98,-118799.42204300717,1202.1232711708462,5
99,-118799.40604154304,949.7487543098911,5
100,-118799.37481556149,214.48968832017286,5
101,-118799.43414121037,2052.754170340681,5
102,-118799.40309586599,711.1303242261272,5
103,-118799.26706882151,-2953.742500661841,5
104,-118799.29421042092,-2530.878803147361,5
105,-118799.42981002021,1744.303743478037,5
106,-118799.39572252444,726.5061247006018,5
107,-118799.43480795459,1971.136114841037,5
108,-118799.37046453121,-100.83971635380252,5
109,-118799.26556090226,-2736.2630734866716,5
110,-118799.437439737,1188.6977171158305,5
111,-118799.26534948841,-2894.1210959673786,5
112,-118799.4161924912,746.5758791681296,5
113,-118799.41341701224,885.8303618465314,5
114,-118799.30712697534,-2336.8221557748343,5
115,-118799.39513231508,404.49945800741403,5
116,-118799.38564770947,343.669913474578,5
117,-118799.43901317181,2114.053776367409,5
118,-118799.43143809217,1941.442117048739,5
119,-118799.43812939867,1310.1956952914798,5
120,-118799.42844363641,1659.030669568275,5
121,-118799.43963798309,2263.490419096213,5
122,-118799.42911849657,1679.3828333140316,5
123,-118799.43157163885,1839.5763952217105,5
124,-118799.2846090435,-2781.613692160139,5
125,-118799.44688834834,1391.0022587694239,5
126,-118799.44057961911,1230.690701839321,5
127,-118799.32986771094,-1722.0707450231043,5
128,-118799.43412798853,1976.775346049175,5
129,-118799.43002408202,1974.908770732295,5
130,-118799.43386935117,1426.0574182957203,5
131,-118799.26355176874,-2889.938885547768,5
132,-118799.41559986526,944.5697359648301,5
133,-118799.3087703938,-1831.4915490854714,5
134,-118799.33856807069,-1062.5032995574402,5
135,-118799.20218944503,-6336.523999670397,5
136,-118799.27045775314,-2902.563319344383,5
137,-118799.25644925496,-2975.3066473660842,5
138,-118799.42766412719,1340.2797760525175,5
139,-118799.27343878263,-2788.8405350940884,5
140,-118799.29207698279,-2578.197578758188,5
141,-118799.26185143918,-2855.5760586477177,5
142,-118799.37294481877,-200.30291355731976,5
143,-118799.33624151781,-1110.3473388513191,5
144,-118799.44072524458,2224.6068053496747,5
145,-118799.4292565966,1476.4959787736611,5
146,-118799.43229794408,1840.69572999417,5
147,-118799.3604484965,-243.66363911193673,5
148,-118799.4064681462,938.4452182615696,5
149,-118799.39685960877,762.8704607223737,5
150,-118799.4400430336,2241.5775349769197,5
151,-118799.43664367606,2020.8321796158646,5
152,-118799.36246474752,56.66619897389733,5
153,-118799.28490107635,-2580.454245361132,5
154,-118799.4287664238,1848.5326276415085,5
155,-118799.2813778395,-2803.885154861853,5
156,-118799.28439106568,-2804.30652626474,5
157,-118799.30991632282,-2114.16182704808,5
158,-118799.38826442182,-164.67542821109524,5
159,-118799.2706526885,-2580.5682482556886,5
160,-118799.41469866052,713.7973484574452,5
161,-118799.40345252691,707.8668881359001,5
162,-118799.43503820384,1975.9964874359505,5
163,-118799.427886923,1658.1726987682143,5
164,-118799.44103930623,2264.786883752749,5
165,-118799.33498536932,-1117.1586886906261,5
166,-118799.33177660662,-1223.947714445877,5
167,-118799.43432111831,1968.156783832669,5
168,-118799.38946213615,-115.02357214687518,5
169,-118799.28190759003,-2852.1647571145977,5
170,-118799.28343826704,-2800.709756839857,5
171,-118799.30599279079,-2381.918003140856,5
172,-118799.44117019762,2256.831229383966,5
173,-118799.32501486468,-1838.1186186566656,5
174,-118799.431090672,1537.3726997685114,5
175,-118799.43480958293,1995.6676634931634,5
176,-118799.43500576541,2182.726485239193,5
177,-118799.43642861066,1191.2560635825455,5
178,-118799.28426170789,-2695.3013876833993,5
179,-118799.28269663216,-2842.042020210713,5
180,-118799.27821246741,-2911.868857457234,5
181,-118799.27589233877,-2514.386163021147,5
182,-118799.41637184682,961.6758321871442,5
183,-118799.26195962574,-2951.125698994763,5
184,-118799.26064399217,-2829.398290297937,5
185,-118799.270405909,-3007.437040551544,5
186,-118799.2838405575,-2748.148156939821,5
187,-118799.3107010133,-2309.023575528495,5
188,-118799.2893435709,-2704.8940822021877,5
189,-118799.30410609141,-2421.875324929169,5
190,-118799.25996492343,-2877.7006946312445,5
191,-118799.38753566757,604.0964826303343,5
192,-118799.26016367564,-2818.519005367258,5
193,-118799.26019801018,-2918.839754138988,5
194,-118799.25781116613,-2904.4866097215418,5
195,-118799.25827624732,-2846.1370483990977,5
196,-118799.28007506384,-2887.608945938833,5
197,-118799.28669410491,-2679.847848622506,5
198,-118799.28723384868,-2708.145450018828,5
199,-118799.29191014265,-2625.1888767858486,5
200,-118799.44133533434,2291.4225881282628,5
201,-118799.43081203649,1203.230734128597,5
202,-118799.4436551098,1285.2852949642383,5
203,-118799.43511516537,1144.0722548986391,5
204,-118799.43171510047,1165.723178173443,5
205,-118799.43212634229,1230.0983121924914,5
206,-118799.43524671931,1177.0942067252115,5
207,-118799.37776866539,-274.0630569010698,5
208,-118799.37594595917,-329.4871677125961,5
209,-118799.38680190267,-155.736690051208,5
210,-118799.43374902052,1927.8446257384833,5
211,-118799.33443450124,-1144.187135995332,5
212,-118799.26385558944,-2895.816336186969,5
213,-118799.26219630276,-2984.2725854334703,5
214,-118799.27203063863,-2757.5749205615493,5
215,-118799.3843101829,545.1351286448038,5
216,-118799.385680677,588.944715278397,5
217,-118799.43162257617,1852.9343454219993,5
218,-118799.4300922245,1635.4298235353513,5
219,-118799.42656132509,1330.1572438736298,5
220,-118799.41705841832,1157.2873433982506,5
221,-118799.39783600678,768.2357478688277,5
222,-118799.39560983151,764.8049101244741,5
223,-118799.39228342315,740.404292584006,5
224,-118799.35184660782,-415.99862745125176,5
225,-118799.41077321775,1251.3040082042319,5
226,-118799.36119022447,39.70569433738901,5
227,-118799.36697348075,128.13391875187472,5
228,-118799.31269135127,-1721.404340318173,5
229,-118799.43590586336,2037.5749396459425,5
230,-118799.43501759657,2045.1601428533304,5
231,-118799.40635347045,407.92524010084037,5
232,-118799.33462694852,-858.2401177786605,5
233,-118799.34660508423,-457.18977987803544,5
234,-118799.34915009225,-469.8858594011693,5
235,-118799.34831343914,-454.55697346273917,5
236,-118799.35302610997,-315.8085945328647,5
237,-118799.35114494995,-417.0799773263893,5
238,-118799.34250606266,-1269.96785844318,5
239,-118799.34025314705,-1264.4857640003604,5
240,-118799.3999969403,1036.9937664969514,5
241,-118799.4007049296,1038.0848739603919,5
242,-118799.43220879954,1814.046875003371,5
243,-118793.41145992266,716.4039516289766,5
244,-118796.51037160947,2795.5174635509597,5
245,-118798.51570144451,2964.3937573474846,5
