,0,1,2,t,label
0,5.033175599114956,0.6900448730188555,-2.1779140235463226,1,0
4,3.0010473893818363,0.026270261855972574,0.11496393167036319,1,0
10,2.515183157263792,-0.05809802561687491,-1.7414833422465832,1,0
12,5.722163263874919,-0.4096893589055375,-3.0694147754453582,1,0
17,3.7073922542044486,0.09949953164481981,3.2445962007578264,1,0
22,5.149021850701529,-0.1055661685916014,-3.489658901734994,1,0
23,6.470408928471954,1.0757637902950885,-1.8712664153274576,1,0
24,3.7190359980512504,-1.46836758653832,1.349737080148285,1,0
29,5.4361221596544995,0.0860099108143668,-3.1814809440540834,1,0
30,5.6683452774958205,-0.2484811703022721,-4.646536608216343,1,0
32,6.854223598980116,-1.8492618347782017,-5.984661440135064,1,0
33,6.055606644157559,1.2944063990090198,2.1405198975385984,1,0
34,11.986497039358195,0.04380648361456255,4.378118044713848,1,0
38,3.7306783898170046,0.8178847877631458,6.103657638392601,1,0
45,5.1619758472510755,-1.4305706978020827,-4.5211820187273535,1,0
46,5.499066993379217,-0.5758938332598909,-1.3167922689734357,1,0
47,0.6590098611410777,0.7024635856622631,-2.031031989314469,1,0
62,7.778211303742336,0.8983325910556871,-0.1355170347537261,1,0
67,7.652191884843624,0.783123368225274,-0.8825224386147128,1,0
76,5.444552081349704,0.6904576376744201,0.586766716153013,1,0
77,5.802589679202917,-0.05325291389337813,-0.15840422565797946,1,0
78,7.949880783305096,-0.2997246433029287,-2.8191285570064646,1,0
80,7.508250487608635,-0.09784523523489967,3.744660092504159,1,0
82,5.091290176985263,-0.855193324481828,-1.012353757411933,1,0
92,0.035510311503426095,-0.03150519711522976,0.2406703499285575,1,0
93,6.3745988380079,-0.11248899729505352,5.077116028905224,1,0
94,4.611892115885558,0.6834248682605615,-3.5396289918495456,1,0
98,3.978817734023014,-0.5839133336586758,7.4530514683944915,1,0
104,2.3911930919422293,1.0485777443827535,-0.3676381721754811,1,0
105,4.232430196226173,0.44599826982882373,3.502528219871518,1,0
109,2.2214288191177034,0.9473223068614107,-1.2232069800391354,1,0
111,4.905051732308304,-0.3554466512919024,0.24872506226114027,1,0
124,5.624788260357073,0.4477382534378634,1.9319281703642173,1,0
130,3.3379146707646297,-0.3408109973403734,-2.2405290548181207,1,0
131,1.9811528708294395,0.4386556355425274,2.346788886251147,1,0
132,6.566978228445673,0.9177978785596361,1.0185314928379936,1,0
133,5.88027164584928,0.09163442316490515,-0.7712752433535949,1,0
135,4.426264439065273,-0.8314971579459758,-0.9203858931941441,1,0
137,4.381088757382424,0.5845188538203935,-2.266785435976987,1,0
139,5.811917892374603,-0.11451272745655879,0.23897190360401716,1,0
149,4.677199434361975,1.4284253177181097,5.695305029851255,1,0
150,7.122395058930298,-0.27798328691644664,-4.623274797604988,1,0
158,6.635111362365156,0.13371129466855547,-0.11372590800347773,1,0
159,8.03760866301779,-0.11085513749023312,4.132017977400869,1,0
168,5.461513340427822,-0.8126965010377822,4.438313277940332,1,0
174,1.8833249924401043,0.059880211987863176,0.8256220597678723,1,0
176,5.378022411192484,-1.0952653358091717,-2.1521140758471935,1,0
178,1.9398662343304198,0.13715087759900024,-0.5647457692968476,1,0
179,6.9496591167823585,-0.13215034823468438,-2.2914767078595646,1,0
181,6.052604687048014,0.18816833507780267,2.762105237454633,1,0
184,5.240785508432504,0.11865337578656392,-2.449574592875706,1,0
186,6.342632056497367,1.3435934057427483,2.285534690035662,1,0
187,3.0039216052134305,-0.329950091899135,8.81561417978407,1,0
194,1.7442485832032237,0.3440492423854522,-2.2709240549362413,1,0
195,13.86574247472638,0.15731801754169528,7.853629665177124,1,0
197,3.6349357306263705,0.8012291130768747,0.4826691472564861,1,0
201,8.68323836970671,-0.01785558427596137,1.7131572669271127,1,1
216,10.791565864757088,0.3425384761222088,-0.7346754661035565,1,1
221,12.07594660763901,0.2828637902792446,-1.3313673960904795,1,1
238,5.045836855366786,0.2877074821011701,-3.821131787789616,1,1
239,5.037458435212503,0.7420024596946413,0.609283110511502,1,1
242,13.356841068949194,-0.6679386332105984,3.22191447979069,1,1
244,7.8730525617902325,0.4721321117079177,-0.8716918390102406,1,1
260,11.796844676018084,-0.7761975174653996,4.626750713135839,1,1
265,9.169264882659927,-1.2600985076111895,-0.24844177731577635,1,1
271,8.912349680307518,0.14117526185061396,0.3326065083637599,1,1
279,11.916186508515784,-0.3255957848555116,3.033715145041997,1,1
280,8.063890802068657,-0.18430465607255403,-2.3252159845386524,1,1
291,10.556471941119314,1.2869426506123856,0.3818981174740688,1,1
293,11.463462576139845,-1.3145737840098957,0.3580823642242049,1,1
302,9.947358661071739,-0.1105733400009794,-1.2806548206524697,1,1
303,8.140892404993071,0.2845197197892714,-0.6012421476849507,1,1
317,15.270323822190349,-0.48802383127154897,-4.210064431346346,1,1
326,6.891372817667159,-1.0977942548161297,2.0452463073121883,1,1
327,10.078033893026454,0.8144962678462467,4.075535686885124,1,1
330,5.726499456223031,0.6176032955783652,0.27308362428402017,1,1
364,13.661049818728886,-0.20699714548060671,-1.9697576740408658,1,1
367,9.441101335464326,-0.5530602777810014,3.4764242898398585,1,1
369,7.0494293717453305,-0.8619557898847426,0.13662113420386682,1,1
371,11.41971015556172,-1.0596588904441602,0.21425933640180542,1,1
380,11.188226929356615,2.1279710024232794,-1.9850835127040656,1,1
381,11.033332072982205,-0.7537369039981835,-3.353888732141311,1,1
389,12.220845295264427,0.3776393466959321,0.616249263262921,1,1
392,12.272541606350156,0.11494220585334662,2.772284524655551,1,1
393,8.500430377247795,0.5733554481259655,-0.36581196145090294,1,1
395,9.247147322498305,0.06409125229826926,0.6005835499695342,1,1
397,9.223083780191297,-0.35320379067331625,3.8789226577681597,1,1
400,14.275309412782562,0.01812120341671665,-2.669772570818474,1,2
401,11.239870193591539,-0.9894962702110904,3.73132384126259,1,2
406,14.112217601364389,-0.5442050678395869,-4.4445095472697185,1,2
431,12.905285049450086,-0.5245779624829245,-3.309640009169913,1,2
433,15.651313840618979,-0.7602991791830095,3.3135801294931966,1,2
434,11.195103658733112,0.005677508762547522,-0.7230501365412246,1,2
435,16.49057322310517,-0.5365635625786542,-0.10066409955876778,1,2
439,14.882222194078704,0.16515865342223485,1.7333019557904932,1,2
441,14.202254394260095,-0.8128003302751076,4.2156103228626485,1,2
442,12.960866667306032,0.07386489293674153,-5.326790569109277,1,2
445,12.229169033377246,0.08115885722710635,-5.057829647247244,1,2
448,14.357378806808413,0.21400821164124725,1.7562595385926794,1,2
450,16.210177279959428,-0.36980516006659764,2.318906459610872,1,2
451,12.138609820598132,-1.2604814322389162,6.992374605960203,1,2
464,15.471882552173907,0.06757543580158391,-0.5802927055096441,1,2
481,15.946127271980899,-0.15494207015749378,-1.3895622689625864,1,2
486,15.248459391446087,0.14793706418848526,2.0553899818499732,1,2
489,13.082952426864601,-0.40384920530186913,2.4051685875742654,1,2
492,13.353834639052588,-0.5383371035392136,-2.032189660398153,1,2
493,14.736910206051261,-0.4472062783163242,-0.1855445488510633,1,2
495,13.894677180006958,0.9088970979416005,-1.5008907990945877,1,2
499,14.08675048268135,0.5014374037665225,-6.740112375536359,1,2
501,15.307850118068911,0.22169221520165427,3.0926058236534533,1,2
514,11.145024946023481,-0.28570441948537323,-1.8467314581003238,1,2
519,14.08068094885084,1.2215083056954716,9.220561365912047,1,2
520,15.537685671866393,0.4467207788988454,5.832860804501649,1,2
523,14.0891766653053,-0.13597254043389984,0.10712736411328835,1,2
524,18.15191683243302,0.10179415927000657,0.44367582156937224,1,2
525,12.93468660215533,-0.278434802629706,0.7678684847749554,1,2
528,12.063750956485034,-0.6435461824684238,2.399177316669049,1,2
531,13.542892082205121,0.7496991401000985,0.2167226330722995,1,2
532,14.91614190659979,-0.6555003756708684,-0.5693726690509668,1,2
537,18.34925971860722,0.1883025349574168,1.1549728560933101,1,2
539,18.38871711240514,0.2890619071516267,-1.878993246576538,1,2
543,14.058644765344527,0.8793971491681618,5.117120599541642,1,2
545,13.355137461822245,-0.9625574411942192,1.378816874854021,1,2
550,14.43173809615569,0.24971402677949955,-2.4027293306200628,1,2
554,15.095058528495043,-0.49850990584354715,2.3769934882841737,1,2
556,15.279800230836765,0.2549980936382976,2.580614824157435,1,2
560,12.599591906408826,1.2259532938750002,4.3963472297913455,1,2
566,15.261370527441732,-0.011570934492104421,4.799872065547853,1,2
568,17.784397035978724,0.9281865438773014,0.9337242904314091,1,2
573,15.393041046428772,-0.07014465612038272,0.15831649856767152,1,2
580,9.688724449742516,1.0205486562619628,3.4400373986369965,1,2
587,13.275925935381698,0.18157598774124084,3.6467447709649714,1,2
589,10.239328743042147,0.25605356103153065,-2.6705093430002274,1,2
594,14.58538102515263,-0.1059953222545552,0.4472541258270464,1,2
595,14.46453521769138,-0.12137757648119155,0.6127001895244312,1,2
596,13.56691378895357,-0.6498470081700134,-2.330125538943658,1,2
599,12.070580770772597,-1.0183048795105443,-4.721887469221094,1,2
601,21.037588640891485,-0.40217250985954905,-1.8446952639766598,1,3
609,24.0626643728323,-0.13110322306787406,-1.5141054039400352,1,3
612,21.32303877614788,-0.27830743560017546,0.09644897900035034,1,3
613,23.76340666229443,-0.5466488063055746,-3.5702761510409755,1,3
615,19.366828071230692,0.1389984137460001,1.2796563707566495,1,3
619,17.85678821513992,0.2959224988222081,-6.689379215494962,1,3
629,16.11637688354319,-1.1305296144606591,0.2297535683293358,1,3
630,19.513078864727614,0.5997490357415548,-1.1799447616468839,1,3
633,23.322072398584396,0.6377338746085668,0.16290129623933555,1,3
635,20.670507924646007,0.4207058767687054,-0.012387645098552745,1,3
636,20.053559475932893,0.6424213359334606,-1.1874206560529845,1,3
637,18.370261760222522,0.9289956695174026,-2.5163085110159726,1,3
638,20.340135888365737,-0.6567651792588811,-0.0026430160974355585,1,3
641,19.56633688334589,-0.5547330305840479,-3.490191873147908,1,3
644,16.200051170046283,0.7842643356222798,4.7367914001238365,1,3
645,18.732891896852017,-0.9712927249679568,-0.17151575380283005,1,3
654,18.317216827074656,0.8206145181626243,6.870241731485393,1,3
664,16.71499718629097,-0.4679383415573039,0.33343550581229864,1,3
667,21.223744965673415,-0.7624114657494575,1.3495160426571666,1,3
668,20.0187349010055,-0.1471187771469613,-0.40252981686491995,1,3
671,17.715031809363538,-0.40904935222108163,-3.5127967582706314,1,3
678,21.187454966012005,-0.5326344095935703,-0.15777246094704586,1,3
683,21.561373136167592,1.019650222039418,-1.2246641659075177,1,3
687,19.6972642345368,-0.580779751911334,-2.0637832167249153,1,3
694,19.094536824372128,-0.29456735184487176,-1.4688925531475099,1,3
709,21.677894413904824,-0.38428593176817966,-3.3073224621404744,1,3
717,24.73042363364545,0.28930046016632566,-0.2546853582077819,1,3
720,16.19304349097545,0.5912070779289508,-2.368284932960494,1,3
722,19.9432450079983,0.17141407151849739,-2.019244373176004,1,3
725,20.611735008278718,-0.10337339717153811,1.4658922563593042,1,3
732,21.800442158398532,-0.6808365695721705,0.4604215915853231,1,3
736,21.48003289814595,1.1346332305547369,1.3033585258000653,1,3
740,19.123740053038972,0.17874235026110308,-0.49233303471658885,1,3
746,20.09454626476732,0.6253830134143487,-2.018414556965806,1,3
748,20.746993919745254,-0.26867364681370676,-0.5894134467072939,1,3
766,19.67653861937457,-1.0287048683518425,2.361655078964879,1,3
767,20.810746001921153,0.03433358264007039,-2.383035437968826,1,3
772,24.27206177352715,-1.6096455295598633,3.1283261456940368,1,3
775,22.828028372502885,-0.6905416333310795,4.589870039074494,1,3
787,19.440038901936244,-0.22316322623775606,0.5966854280599793,1,3
788,25.464942621009627,0.188444952728772,0.8768059023319966,1,3
804,24.661478932209782,0.3342252278260102,1.2473469808208706,1,4
814,29.064058916016563,-0.20380284294308212,-4.593009231594397,1,4
818,23.796501606586194,0.14503404439575382,-0.8039367679134796,1,4
825,29.81157937328797,-0.34203563400493,1.782561538926722,1,4
826,24.40196256287465,-0.6129320131950333,5.31764885177795,1,4
839,22.94484565459612,0.6810113716750367,4.265027072723061,1,4
846,25.504001080628367,-0.7982283583417175,0.6449803760263019,1,4
853,28.165608830719247,0.3299315132896443,3.7203393653644676,1,4
857,24.93174334279887,-1.6427494328616825,0.1361353938522527,1,4
858,27.030824573478867,-0.844263210211335,-0.3213799085572547,1,4
859,25.793377535361376,0.14684542051614968,1.0158915332193303,1,4
860,25.618010590627975,-0.491592070381058,0.47189182012162156,1,4
861,22.405353030636597,-0.023444807930059985,-4.33786007918898,1,4
863,28.178209648350855,-0.783506277088775,-2.6492468836856986,1,4
866,27.365842170023118,-0.12318466980779123,-3.3930251099142694,1,4
883,26.253998993326896,1.122017766450193,0.9067912697468814,1,4
885,25.014688391189424,-0.1303686137636601,1.4432129199954669,1,4
886,26.72190439741713,-0.12347821476382033,1.0843472680797066,1,4
889,25.668810287709473,0.7880982529794948,2.607273245766878,1,4
906,22.139679692668985,-0.16676189085553955,2.122141945089062,1,4
913,25.67648311200355,-0.49880544110323727,1.9635231294670226,1,4
914,25.749299781375594,1.220032457356193,0.6600690254932268,1,4
916,28.11895550709663,0.06553593353273288,-0.4544243360876562,1,4
918,24.66378139490826,-0.6490780388091956,-4.201740619332116,1,4
920,27.131391329608373,-0.8069042160693681,-1.866157272526439,1,4
921,21.748390841653904,-0.0023690408258745534,1.2483795435397733,1,4
939,21.92638867142975,1.1855606581424325,0.610208304595974,1,4
940,24.35915383962544,0.7626303522232883,2.0009757534327686,1,4
943,22.877213975567503,0.41679241588014976,-1.856323327956061,1,4
956,27.376464046098338,0.3770833851396751,1.0179141149013167,1,4
958,24.045315833243354,1.470910400397276,-1.8848106454681497,1,4
960,24.573446940147004,-0.6037532128056549,-0.667817850179295,1,4
963,24.35250724572083,0.5015164854456723,0.0506939482671376,1,4
970,27.06147621967321,0.630035590067952,-2.5443532438821195,1,4
974,27.31664925186186,-0.6225116379281571,-0.15814441304899016,1,4
976,23.448464252321067,0.22551129231340314,1.8321573715778612,1,4
981,26.95167303467079,-0.18706673729064896,-0.7935769455830592,1,4
989,21.243184843072044,-1.6809725090384764,-0.5135242594169546,1,4
991,25.31841907480125,0.0300948925698869,-4.091616894644045,1,4
992,23.868347548576576,-0.6197343408695744,-6.523705916326133,1,4
994,25.231152360840568,0.09019027938288215,1.4007420471253347,1,4
999,27.471464559737118,1.1402593444473021,-4.330512469643452,1,4
0,5.066724071579327,0.7300343742327831,-2.222734750713562,2,0
4,2.6171950577262746,0.09354887812137051,0.004917062329947666,2,0
10,2.275648817268197,-0.014028548155934212,-1.390550436193649,2,0
12,5.870965281571352,0.06069683741879589,-2.683683898134616,2,0
17,3.425960266355787,0.544718002598088,3.379224967928854,2,0
22,4.773628640997794,0.3571239667049832,-3.630722829133739,2,0
23,6.6441127884799664,1.396344973464258,-2.271377288417154,2,0
24,3.712369285384589,-1.301635686390894,1.0330402241750904,2,0
29,5.22271584025582,0.1994211376170899,-3.3505904189763616,2,0
30,5.740575626322648,0.08533409477289003,-4.9359729605752225,2,0
32,7.3168787219685845,-1.3721239995561898,-6.053910163205492,2,0
33,6.543257161037111,1.352632581266768,1.687244866270333,2,0
34,12.294630414757332,0.4778548664400164,3.9954974946885216,2,0
38,3.8434356343338028,1.315747172804438,6.336944556245044,2,0
45,5.597125753086624,-1.3362127255918832,-4.355958711161238,2,0
46,5.473950589716693,-0.32491347698064266,-1.1722007145400295,2,0
47,0.7614786303104036,1.1113958765037668,-1.7051614667955404,2,0
62,8.054194080069806,0.9934786145979709,0.33131031778564357,2,0
67,7.5225600072039445,1.1031758989339173,-1.0031352739684303,2,0
76,5.056900465715777,0.8791772432779361,0.6748355291082572,2,0
77,5.983619327695506,0.37317029035652194,0.16851298709177814,2,0
78,7.861801621518461,-0.14692000729634308,-2.6423485830059534,2,0
80,7.3347313539349335,-0.08885895137286957,3.8519487962727306,2,0
82,5.11282571894233,-0.635495242079334,-0.587481780835927,2,0
92,0.30004060324289505,0.2050361447060327,0.4419077050659126,2,0
93,6.754092231712556,0.17022676458113534,5.463063350981167,2,0
94,4.392439705349353,0.9394613462714834,-3.657995351655579,2,0
98,3.7342134514334315,-0.15458055224759965,7.468350526275142,2,0
104,2.224848764999492,1.461939423891633,-0.7133399298864548,2,0
105,4.694763472718775,0.8103232232439532,3.9537254606891223,2,0
109,1.8991510170541464,1.259650998782122,-1.1011991958716374,2,0
111,5.339990606598012,-0.29857150939637583,0.41254947831481054,2,0
124,5.284815104487037,0.8730174600397924,1.623468667717737,2,0
130,3.4547699817757334,0.10175920065625821,-1.8152693675702496,2,0
131,1.690684746374195,0.9248638338702552,2.5065030430599875,2,0
132,6.299883970256742,1.07199435536022,1.180504053980948,2,0
133,5.908917446892277,0.18960998625353237,-0.5858052791560195,2,0
135,4.672668431422009,-0.3912237331007091,-1.2759002320264434,2,0
137,4.037729573915707,0.7631025669340032,-2.4148655952347524,2,0
139,5.941612533187321,0.019926475116088846,0.6102044965393809,2,0
149,4.394188008199466,1.4601633921275652,5.649139297564328,2,0
150,6.739153523349298,-0.13962143032999352,-4.4221798278108615,2,0
158,6.946614545082626,0.5397090894563845,0.3415008804173698,2,0
159,8.253415179424968,0.12506048920993224,3.8675974428072597,2,0
168,5.040333182232974,-0.4684643903602777,4.251567258476818,2,0
174,1.8942221537908734,0.2533713208718465,0.9403228231159855,2,0
176,5.572128257612693,-0.9022038479947359,-1.8831648052726246,2,0
178,2.242987906962525,0.4696276703257353,-0.9031192723938147,2,0
179,7.223042388688277,0.05009332378088713,-2.4333624384333086,2,0
181,6.011497997232415,0.32329339326942486,2.893371790265991,2,0
184,5.477888622675721,0.25494827712362916,-2.059207275480676,2,0
186,6.030294876487668,1.5223488702846222,1.9336130615252793,2,0
187,2.531858799513693,0.14824834876373066,8.72328002442304,2,0
194,1.530066004922236,0.6013243410812799,-2.3681093666718,2,0
195,14.07233208711677,0.3975218193454378,8.073858076021509,2,0
197,4.1266579515721515,0.826893688596598,0.6272288275288,2,0
201,8.390708777640857,0.13985370613753137,2.0332992581252443,2,1
216,10.576604737721128,3.0676937478414947,-0.8827082539038226,2,1
221,11.865987246903298,3.1965343067975382,-1.1411841671575418,2,1
238,5.5331704271554685,3.2549071493183743,-4.036453606875808,2,1
239,5.501757847159639,1.2287833651798195,0.48944321314281014,2,1
242,13.053830778007647,2.017134732354299,3.092702008157197,2,1
244,8.020948073390338,3.6361752412995285,-1.2566864857710653,2,1
260,11.723598377387765,2.4566748082212713,4.836096789672188,2,1
265,9.328598694989921,-1.026831139707443,0.06911131464050133,2,1
271,8.832666767846604,3.6032931926504372,0.8112072455137855,2,1
279,12.236626557070455,-0.24322067077983983,2.636863382397001,2,1
280,7.882026438387388,0.2769672620747877,-1.913334666115157,2,1
291,10.6002374988253,4.5367288089897695,0.3111590487045311,2,1
293,11.537207923524868,-1.1855936774275757,0.11205047823061265,2,1
302,9.55916425797036,-0.10780235995867948,-1.383029490077706,2,1
303,8.081328003256678,3.6581274554682612,-0.28252607578641986,2,1
317,14.778717637798557,2.472628072233331,-4.553661308831275,2,1
326,6.69729730101729,-0.7773868277685899,2.144354830818178,2,1
327,9.853650528404792,0.8212053960408621,4.506067923032392,2,1
330,6.107896240036989,3.135870983164295,0.6689858627507339,2,1
364,14.088462605430246,3.2437851844086274,-1.9098425559993806,2,1
367,9.929308482138454,2.1221774717079827,3.941006005549738,2,1
369,7.00013469405605,-0.7031239632320887,0.4009719141780258,2,1
371,11.787681836473105,1.9122438875158008,0.2063740627633758,2,1
380,11.389023905975982,4.67472212988366,-1.5951885928417462,2,1
381,10.786416474501488,-0.3016177324527374,-3.568930358658967,2,1
389,11.925499847282637,0.4829376898969157,1.0417037065096637,2,1
392,12.721769834130768,3.038377960676516,2.8077870743370603,2,1
393,8.359953872930468,4.046417756880736,-0.0698025579451716,2,1
395,9.276336996057355,0.31392396686214963,0.15369727904874786,2,1
397,9.116592024244373,2.469612446526115,3.5345365628512337,2,1
400,14.618477622048022,0.12797338768735222,-2.931427581324372,2,2
401,11.594231467472401,-0.6274348936592233,4.176947010215262,2,2
406,13.86498898432304,-0.08064489085414289,-4.420575319300368,2,2
431,13.243210357150957,-0.4025454250433157,-3.6316777631090735,2,2
433,15.560714741154127,-0.45922597372295915,2.8475972800913834,2,2
434,11.429356225036708,0.3557035435696533,-0.44975721783508793,2,2
435,16.905070585920672,-0.42314665885027236,-0.19735463056794844,2,2
439,14.634129352840848,0.307326049603318,1.7053703170860164,2,2
441,14.249399809058609,-0.3300775606775542,3.7758608930862247,2,2
442,13.078848213009817,0.07405566917912632,-5.699444580034327,2,2
445,11.993221803153979,0.19544076434693458,-5.52721822554312,2,2
448,14.470040311578526,0.4173085176762653,1.982230360624273,2,2
450,15.955193637402404,-0.34696056363593974,1.9820296174387664,2,2
451,11.765341696750232,-0.8316742230991694,6.579175348801419,2,2
464,15.725982703369768,0.448136831991452,-0.7836256584185509,2,2
481,15.800845479211526,0.1261553268963873,-1.0096589809294945,2,2
486,14.789265744700735,0.5821783460018362,1.5712345938777674,2,2
489,13.333324306539081,-0.3803903489381564,2.82420953338384,2,2
492,12.88466258910235,-0.18272022816206696,-1.6625144571843715,2,2
493,14.933453452597318,-0.17885462262466229,-0.5471964385977678,2,2
495,13.726733114703196,0.9692552261044944,-1.8278112255582266,2,2
499,13.88068516360355,0.6922818948593099,-7.195017826292273,2,2
501,15.214083664639935,0.34210214287830276,3.2070863303872255,2,2
514,11.033321602205787,0.009173411070261428,-1.9285099706227413,2,2
519,13.841477161058362,1.4823603133102967,9.472262777389625,2,2
520,15.171045598864982,0.644616083242941,5.338331399837581,2,2
523,14.023730361584406,0.28401795576495054,0.18246971245669094,2,2
524,18.113452044689332,0.30945129920633685,0.8009751040165879,2,2
525,12.822234264474814,-0.11395145753080105,0.8921791889559253,2,2
528,12.37088574270086,-0.5588710712032389,2.476093547658424,2,2
531,13.557908087091981,0.7571087286295161,0.6569128078751132,2,2
532,15.019115042889752,-0.322603460053448,-0.45538491085612853,2,2
537,18.507485798242392,0.5890776855212736,1.5354556111700584,2,2
539,18.485563997789694,0.7126447039105503,-2.0074393392914516,2,2
543,14.462360067121935,1.2769861332342587,5.429888182895699,2,2
545,13.539564298754836,-0.6144830177864185,1.4833900482577684,2,2
550,14.221448883157006,0.7137229462043195,-2.6275353024783703,2,2
554,15.510966175534142,-0.10114939626821967,2.4151791893893155,2,2
556,15.298831234704712,0.5290961566917917,2.571636297349439,2,2
560,12.574597918433753,1.4341036661715427,4.3835231244810045,2,2
566,15.129468255153,0.44534560990683036,5.027616940707033,2,2
568,18.121446645805072,1.300553921296017,1.0748973294238096,2,2
573,15.300351249156977,-0.023676753948776372,0.3956695340418809,2,2
580,10.092514774139667,1.2390218873891126,3.498302133172724,2,2
587,12.893773518220371,0.22581666975083425,3.8417726747056724,2,2
589,10.076040567562853,0.44827688851561626,-2.4747876084895184,2,2
594,15.007384158775864,0.3577556348635316,0.8874598485915173,2,2
595,14.146269052648508,-0.05352763483999948,0.8180412258581369,2,2
596,13.926469033607493,-0.16244963186034977,-2.651984809015076,2,2
599,11.671970719898507,-0.8030949440601467,-4.678468104688222,2,2
601,20.960650243600348,-0.13275625185245232,-1.6993805243253732,2,3
609,23.62937794861537,0.09587108751804987,-1.646609337049564,2,3
612,21.087817569884148,0.0324064387873072,0.22200828594573863,2,3
613,23.645520209120008,-0.495938590664963,-3.7036627194735727,2,3
615,18.917937362361233,0.5784127647727006,1.7507185967292633,2,3
619,18.050118656101628,0.6865924410513341,-6.769972789211083,2,3
629,16.194075547592256,-0.7763865759404331,0.6905944928400091,2,3
630,19.498267280942912,1.0095590871758695,-1.6380273648992292,2,3
633,23.353240843706025,0.974157514687753,0.5705118628562408,2,3
635,20.202873904839226,0.7153934452409959,0.13454303785054353,2,3
636,19.97265563434178,1.0225768677530445,-1.05319880821378,2,3
637,17.872081894549115,1.0128267385856387,-2.034509672418721,2,3
638,20.682343784719453,-0.4206649867531626,-0.40081364396627184,2,3
641,19.20974137299307,-0.0609496662969809,-3.10092787949062,2,3
644,16.385496306688378,1.0830800945349206,5.011059536085282,2,3
645,18.719765387213577,-0.5008256224922583,-0.513657402160008,2,3
654,18.73789027350965,1.2230950568639667,7.221606782659861,2,3
664,17.115184211746694,-0.4450246957408373,0.5878917905776541,2,3
667,21.63010020219483,-0.5681932577168958,1.164325272649535,2,3
668,20.4726423155239,0.28512014896512217,-0.04038022570560318,2,3
671,17.359621663575414,-0.3324454542962368,-3.2991206154900703,2,3
678,20.70648159212303,-0.5285505055574284,-0.29279853840572867,2,3
683,21.313757432719225,1.100384129166609,-1.194693202016463,2,3
687,19.883883946898234,-0.4878336758060399,-2.3440647655169657,2,3
694,18.648674891567005,0.17079250103722426,-1.2863334931782509,2,3
709,21.185570728584175,0.010941839318338364,-3.2464057572905647,2,3
717,24.81332829404126,0.3225661224396267,-0.6583916756525032,2,3
720,16.51066457606164,0.7507881314903525,-2.38666166466739,2,3
722,19.860988227491735,0.24503881933672841,-2.0639718117772308,2,3
725,20.17052199619271,0.2930642607081798,1.745593469840835,2,3
732,21.60670832578105,-0.3196867244864706,0.2481946151846312,2,3
736,21.885325349512712,1.4702477244430774,1.263740907427497,2,3
740,19.138210289121336,0.6001381982026691,-0.7438218667945696,2,3
746,20.56225466935464,0.6620113395319596,-1.7819608477378064,2,3
748,21.174623176566158,-0.26278660149702315,-0.7493463333629454,2,3
766,20.05327435199251,-0.7452868827736936,2.002972781204856,2,3
767,21.141780836648113,0.28852347863251915,-2.184960803283654,2,3
772,23.77557874403501,-1.447280058991934,3.069263352376271,2,3
775,22.4678582128616,-0.474655027928903,4.328172024622808,2,3
787,19.08149615917476,-0.1831593830013443,0.21405839693244733,2,3
788,25.181841725632346,0.3954983729495144,1.0469048703781758,2,3
804,24.93353063702782,0.5463363042806606,1.7096090630310568,2,4
814,28.975424479745044,-0.09589742829257272,-4.26266063175081,2,4
818,23.652255299378005,0.5083309444994073,-0.5278047648945741,2,4
825,30.041448557956148,0.15271181112939475,2.0807543848066348,2,4
826,24.860519305962246,-0.13508792800739045,5.6567263190008745,2,4
839,22.915375274048962,1.0503149491444086,4.4250769325959665,2,4
846,26.0004755483953,-0.6790759749449804,0.7654737098411712,2,4
853,28.252747997547253,0.4202674581006505,3.814098581598289,2,4
857,25.073021406742736,-1.5314585017086153,0.19783586820328758,2,4
858,27.169978683298282,-0.36654416302423526,-0.21085468282009473,2,4
859,25.88658861924916,0.38283266993791354,1.0895901263782513,2,4
860,26.087910194271064,0.008142436902288108,0.9178882486420324,2,4
861,22.903903490958363,0.14307242511825413,-4.400488510741404,2,4
863,27.6824520341452,-0.4949364043971497,-2.8332580833283694,2,4
866,27.55179477951503,0.10026959065317277,-3.088274936284813,2,4
883,26.718828792128466,1.5922534522398917,0.9325279081658363,2,4
885,24.63390723092271,0.34407846632602923,1.7242608141737157,2,4
886,26.90808620579549,0.15619813540756983,0.6429485610251152,2,4
889,26.158414704233127,0.8409629338868351,2.3767550167857605,2,4
906,22.1591498933518,0.245312393822314,2.0869066897198194,2,4
913,25.324731903917282,-0.32141413500028876,1.6782173858067786,2,4
914,25.755398022607267,1.4477990200441022,0.8520307906604495,2,4
916,28.586903894838102,0.0760433016339915,-0.7729380992104365,2,4
918,24.431368864847656,-0.19724452717153923,-4.042733275701741,2,4
920,26.750518223823562,-0.6162736537459091,-1.6088647076840825,2,4
921,21.314873931936166,0.40808642493753755,1.0750254559875863,2,4
939,21.44997087618161,1.200470405440345,0.7806297096637371,2,4
940,24.00636387200201,1.23385048612678,1.63497970109788,2,4
943,22.8102344369156,0.6686987406259434,-2.0647146991014864,2,4
956,27.738808498367625,0.5749614120443878,0.9439140090871707,2,4
958,24.207615738219644,1.7902248059505057,-1.5922977759171473,2,4
960,25.03819446577453,-0.4695237888900546,-0.2733477466752008,2,4
963,23.923615441777336,0.8046567138156556,0.02812335169725768,2,4
970,27.341076168634487,1.1035183099571648,-2.327011485827327,2,4
974,27.727442581739208,-0.13451837416472717,0.11103069603500318,2,4
976,23.504949179203734,0.6477077916580117,2.023692774076697,2,4
981,26.575058556783997,0.21809230139608762,-0.4683787571411129,2,4
989,21.344696675411722,-1.4808308846094946,-0.1588338860731512,2,4
991,25.689619893709562,0.42920438157779495,-3.685148300674947,2,4
992,23.908651743956902,-0.5366979311504732,-6.213439279372397,2,4
994,25.419842778498555,0.11433792476328097,1.1305724860736746,2,4
999,27.50916476104546,1.4301096670615088,-3.875868562078812,2,4
0,5.19973172403197,1.1415798378024267,-2.225501824410763,3,0
4,2.4546430813516738,0.13850540736677858,-0.3986776070620273,3,0
10,2.463098041732685,0.3304359938262673,-1.858345719857247,3,0
12,5.472271403813261,0.12870971255861313,-2.8763924310112143,3,0
17,3.1947509343192046,0.8961413843424383,3.598883477554497,3,0
22,5.183832390815459,0.391418848965432,-3.2788292329936395,3,0
23,6.971501189623602,1.4389551957063031,-2.3133704586203656,3,0
24,4.152086377638302,-0.9767742747694285,1.0884152096816395,3,0
29,4.741670084150685,0.5298393709244946,-3.5185445266587276,3,0
30,6.118833835256248,0.5178957350678988,-4.716857031781043,3,0
32,7.786153985300427,-0.9248930845716441,-5.792151582675043,3,0
33,6.97049265696821,1.4847142924811565,1.4754735824002472,3,0
34,12.10515369753325,0.49353152208211176,3.8602210024839603,3,0
38,3.88348682253928,1.4683382572284938,6.8131750365600245,3,0
45,5.319939047542961,-1.2201378108436916,-4.410835172562775,3,0
46,5.222253456364297,-0.26755602836523823,-0.7696727207769237,3,0
47,0.36374646022735246,1.3235123118917578,-2.064006565246204,3,0
62,8.50331810620805,1.3720424424928657,0.6716153376934539,3,0
67,7.148516388401896,1.3853707622141562,-1.1219490859221983,3,0
76,4.774617361209984,0.9186724561796877,0.3994430399874336,3,0
77,5.9154774621893225,0.38363772730598844,-0.299841932599401,3,0
78,8.14593362134731,0.3333675525430321,-2.558684149254753,3,0
80,7.473426069612798,-0.018354491031328232,4.047601429758963,3,0
82,4.897665422098522,-0.3555406228965946,-0.26714425962205035,3,0
92,0.3193923983916668,0.3434998323259685,0.22867343002271012,3,0
93,6.398971002955486,0.1786713347597037,5.1421464924813245,3,0
94,4.84866545197941,1.371617425691657,-3.4195901497074064,3,0
98,3.274906823658504,-0.1391579520570242,7.691904303697885,3,0
104,2.4706530761255516,1.8074532507037464,-0.3438766375675445,3,0
105,4.228562004666086,0.8643622014945669,4.122737161429697,3,0
109,1.615677637071597,1.411191905229368,-1.1560804140896885,3,0
111,5.685280606342915,-0.2704616086296545,0.5111863749089878,3,0
124,5.585203352363072,0.9912305654701283,1.5046260897942971,3,0
130,3.5722638104732676,0.28437370522854377,-1.6417775929517848,3,0
131,2.165417775288788,0.9816264336639011,2.3906737419225847,3,0
132,6.048130118731123,1.1400580321293925,0.9096761780858549,3,0
133,5.772116302934787,0.40385394243031725,-1.0612772324833903,3,0
135,4.272144800910253,-0.35400992648913904,-1.1575929705459447,3,0
137,4.087585175775339,1.0212545281455396,-2.0072003152214,3,0
139,6.134381438716801,0.1006068855028213,0.2454994498138635,3,0
149,4.157417382645006,1.9177803039407904,5.633844061448405,3,0
150,6.625003958837486,0.04136857896999635,-4.494849606057556,3,0
158,6.517623270314668,0.9346231874426748,0.15330147604942923,3,0
159,8.499922862838972,0.38397986537663786,4.087763253245047,3,0
168,4.921701615666856,-0.36241667823498885,4.324738635425511,3,0
174,2.2881672175141214,0.36438721629547005,1.1729428109340923,3,0
176,6.057866934456447,-0.7371620244339445,-2.3724924101518043,3,0
178,2.3360708040419795,0.47765409709189854,-0.7272420611294436,3,0
179,7.405889570631616,0.2262721892820763,-1.9607001100022807,3,0
181,6.464642804437072,0.4487917617664928,3.264808921037745,3,0
184,5.204890397573398,0.46485681853378924,-2.3262988393895694,3,0
186,6.484073205749006,1.7552608101158937,1.9956547380672651,3,0
187,2.932859862581247,0.6171231845192073,8.918225881418168,3,0
194,1.9208341833351394,0.9436566704972569,-2.362504267290673,3,0
195,13.792417747353845,0.6340374307589299,7.678058456364571,3,0
197,3.8105611691876042,1.1005870149829675,1.0978996592292147,3,0
201,4.886603998279927,3.4079167252798612,2.506563875344018,3,1
216,6.696610277136266,6.206756112064474,-0.774671739796198,3,1
221,8.541062697331013,5.7369108918030385,-0.8572058774457785,3,1
238,2.2657974974310062,6.272236220837686,-4.128334217604054,3,1
239,5.795067385076138,1.539304976944221,0.48852018625878235,3,1
242,9.813265083188,4.976785293318379,3.1272440617004826,3,1
244,4.817418700268161,6.757381900310566,-1.5059330848014594,3,1
260,11.9109332275215,2.4739037442732683,4.474912651001674,3,1
265,5.511727229259117,2.3625797983011076,-0.37257098973836267,3,1
271,5.684268726161312,7.093103295285851,0.6682051199995735,3,1
279,8.496898271739433,2.452612281560328,2.8554472498854704,3,1
280,4.084815550144544,2.93887025914151,-2.150350619380888,3,1
291,7.5747337896388185,7.95779524786269,0.7683435412658488,3,1
293,7.583013436169066,2.151099483063233,0.3119536850963527,3,1
302,9.220706051010259,-0.06688103027673026,-1.6086191284161002,3,1
303,5.018077398327224,6.91937039474649,-0.549111696307287,3,1
317,11.335944402391235,5.050432087618317,-4.53000341173909,3,1
326,6.523209307419542,-0.28981621097597116,1.9693998709473146,3,1
327,6.510154826478907,4.015408834211818,4.106117044455699,3,1
330,2.146652128453754,5.764048151384967,0.2750319333585346,3,1
364,10.685442709724665,6.556991712662981,-1.8397986631781904,3,1
367,6.72894705253443,5.575892870249499,4.2095817159036155,3,1
369,3.424543875623117,2.2173485924430905,-0.07236056530793544,3,1
371,11.595214485721169,2.1051195155451845,0.4450992851530785,3,1
380,8.177425632280343,7.328149170456776,-1.7991912103854015,3,1
381,7.538184732886647,2.8375976156369984,-3.9406679182614517,3,1
389,7.9625699668760355,3.1243642007940147,1.1077525870107734,3,1
392,9.6077818326604,6.3929255121820185,2.664513327958704,3,1
393,8.627267634543053,4.307456171768532,-0.48873207486328357,3,1
395,5.5393336807846065,3.524364552760402,0.5487664486989904,3,1
397,9.214119642210173,2.923710886874663,3.0949295955908185,3,1
400,14.669473506914638,0.33716068366363877,-2.6447439493782867,3,2
401,11.924292617107529,-0.40477507048736683,4.092183700069268,3,2
406,14.145840670299737,0.0015419968690983943,-4.542366986509158,3,2
431,13.616416888185134,-0.21900025194189177,-3.4091056101576953,3,2
433,15.68941577812558,-0.17365857129210094,2.9459305866905376,3,2
434,11.500186679147586,0.8387873160848446,-0.7868140798307552,3,2
435,17.393355924453502,-0.13875944229890175,-0.04554683103459378,3,2
439,14.434417214985048,0.4447987853724887,1.7039255593652416,3,2
441,14.72178334764833,0.10695317207701222,3.77777788431412,3,2
442,13.191117653543598,0.30016553296718923,-5.456004525764998,3,2
445,12.199958109696233,0.23762140289895528,-5.187316553806339,3,2
448,13.986212935859792,0.6002767247622314,2.1825638105280287,3,2
450,15.698995622118925,-0.001272119687346418,2.428240460776945,3,2
451,11.778218106472584,-0.5114205708846806,6.743075087013967,3,2
464,15.873048334576458,0.5515539388295765,-0.5040345751609917,3,2
481,15.328336380311779,0.35737260392007253,-1.4313934797514127,3,2
486,14.518815186411345,1.067326801505886,1.8723198770067144,3,2
489,13.830863094713239,0.0902447532347802,2.427947139658804,3,2
492,13.187774048815534,-0.08265837958491534,-1.9076358790572665,3,2
493,14.444095791712815,0.16200649975770975,-0.9677032250174841,3,2
495,13.772780497970897,1.181129414806252,-1.696528013317163,3,2
499,13.832359891404192,0.9605304295624776,-7.34269278543165,3,2
501,15.703253582190365,0.5218582120897328,2.7072563927397177,3,2
514,11.052111001615929,0.2723439209025789,-1.8093285728264412,3,2
519,13.694535088356973,1.5449828305296653,9.054857821483235,3,2
520,15.543932582281773,0.8642913995952767,5.081658017119116,3,2
523,14.481021771912125,0.6912381870004998,0.2259465801524054,3,2
524,18.313314919289837,0.7008924395219263,0.5942159336192678,3,2
525,12.66660792016487,0.20769089779837896,1.3722277960576217,3,2
528,12.221248440936279,-0.11413939456376543,2.8182878631510064,3,2
531,13.100700000682606,0.8469473447782709,0.7097483727027867,3,2
532,15.160395480866017,-0.1174386894344927,-0.3579450753324337,3,2
537,18.2033900601527,0.9973921922456847,1.850258973238498,3,2
539,18.106171085580716,0.8314378652216878,-1.9261481857972984,3,2
543,14.328113937945261,1.4515865849757141,5.730662599771435,3,2
545,13.12345705344705,-0.47811000753841587,1.7336019710952848,3,2
550,13.776945553672896,1.0769025790691917,-2.634278236639199,3,2
554,15.724894251921922,0.017724616153241002,2.1935867044961226,3,2
556,15.605985328494647,0.9768336355853052,2.673625468159517,3,2
560,13.049900904158626,1.926790357161277,4.681777304570675,3,2
566,15.416607745894824,0.6739959783440753,4.9814479468185,3,2
568,18.346482669223093,1.5459746551883842,1.3345855132330056,3,2
573,14.871503041947639,0.07228913181069281,0.08344727610555058,3,2
580,10.013582981471693,1.620308438656406,3.8121491253051922,3,2
587,12.78467868373611,0.26832650349359743,4.081403741936017,3,2
589,9.787070141451723,0.910230455762199,-2.092015036572497,3,2
594,14.987726545107908,0.8253101753899297,0.9742886996432386,3,2
595,14.29067566760586,0.21978728335934186,1.2118015212555098,3,2
596,13.739018950451307,-0.06407762555881835,-2.3957415602788306,3,2
599,11.331583130611818,-0.5472934583342413,-5.053553947429174,3,2
601,21.443636640398303,-0.050359268621475384,-1.4137402071308425,3,3
609,23.904691722991178,0.20189252055234205,-2.129799495279708,3,3
612,21.507642656722187,0.3615731157133057,0.6947325856356672,3,3
613,23.193508539385196,-0.3596278842792413,-3.665702395658422,3,3
615,18.427427587981505,0.8257566828805353,1.7150491798281084,3,3
619,18.4440803874386,0.9696580792543625,-6.6403555148297535,3,3
629,15.895659599199012,-0.35491956468491387,0.199926948992857,3,3
630,19.78561916835319,1.4565310184560227,-2.0047554962104277,3,3
633,23.41530771626406,1.1248371334618867,0.892814159189351,3,3
635,20.101665649250343,1.080053976390311,-0.36467878369749285,3,3
636,20.098507557366794,1.1688810279366044,-0.7780707495929908,3,3
637,18.040510724215537,1.0185685587649584,-1.829275094790495,3,3
638,20.300757507125667,-0.24657205303148333,0.010601725872247503,3,3
641,19.3657271803929,0.09488351010066032,-3.1549492063029088,3,3
644,16.445599422964857,1.2666989906458195,4.581700848774224,3,3
645,19.12770788646629,-0.35357689780043783,-0.2000337093913609,3,3
654,18.497151663472806,1.570477512429139,6.781514483575788,3,3
664,16.7949672208056,-0.08000468080972029,0.2620015334109418,3,3
667,21.682457465787696,-0.2498590703855897,0.8162243668722734,3,3
668,20.263658017411586,0.42393139146729025,-0.333619586620608,3,3
671,17.247649500980053,-0.06113524503427703,-2.903064444498785,3,3
678,20.68493551667372,-0.3988820944408543,-0.6702658162319682,3,3
683,21.07391151970704,1.5566703976702303,-1.26434747002512,3,3
687,19.667568662606687,-0.06834107525744809,-1.9310412640791883,3,3
694,18.36507393100387,0.6412987381410542,-1.6948680260437263,3,3
709,20.71595673329704,0.028029562505977157,-3.4479524775849297,3,3
717,25.27937235749783,0.44885107209864156,-1.1149773752300565,3,3
720,16.2845416450371,0.895332716400647,-2.7501922403627934,3,3
722,19.999479439163867,0.41184356838389957,-2.002541041812102,3,3
725,19.846919774955452,0.6159455597332685,1.8800047990673017,3,3
732,21.56922830504125,-0.15491538152600898,0.18251934210810478,3,3
736,21.746872141839106,1.5469441634512355,1.5812558121736568,3,3
740,18.889310159291906,0.8727029670924811,-0.7830692791160492,3,3
746,20.58163329637357,0.7225296979413844,-1.536457570128571,3,3
748,20.723436211965957,-0.028343721786558973,-0.99420538459892,3,3
766,20.484984675459344,-0.29897488205443834,1.9124922333979522,3,3
767,20.729378248418847,0.7399499779702702,-2.1436096307248045,3,3
772,23.82935102982962,-1.151152689779796,3.028892539703369,3,3
775,22.057581674778348,-0.09197213427477724,4.0420309517210145,3,3
787,18.666794718811442,0.2811478479935394,0.10424610087812125,3,3
788,25.101499806581877,0.5423058576083544,0.7427936933475978,3,3
804,25.04861474289985,0.6624992846801541,2.0309579998842677,3,4
814,28.91625641023111,0.13773104383928028,-3.904739859202333,3,4
818,23.690652554833548,0.730661796138347,-0.6422338010381574,3,4
825,29.844338328724458,0.48739327677529903,2.308485332893535,3,4
826,25.077158429638224,-0.11583099958419557,6.074484913630545,3,4
839,23.1522200846522,1.3603460847099216,4.859687957260084,3,4
846,25.743209294753747,-0.6723334559611911,0.33203681937836016,3,4
853,27.808858353200392,0.6578602890380749,3.4522303463089226,3,4
857,25.218347088399987,-1.3163057172037846,-0.1376199311731534,3,4
858,26.71768590000058,-0.2789038456569771,-0.46116013918795745,3,4
859,25.88509630607169,0.799069623972322,0.701164928434752,3,4
860,26.578995834766946,0.25633528160344626,0.5827018848708971,3,4
861,22.956636457214305,0.3278248083485938,-4.775453992531023,3,4
863,27.442220077054596,-0.09961656532567709,-2.4200240403819624,3,4
866,27.524491819905673,0.10079432526360473,-3.542625684115632,3,4
883,27.1571187253279,1.9355786269787547,1.2187219751965546,3,4
885,25.082790304326977,0.8225697285077289,1.9832429211298668,3,4
886,26.7883551837766,0.6464157721876408,1.110167592398958,3,4
889,26.322117677503105,1.0108299743790112,2.3881554705064256,3,4
906,22.09533017389752,0.4950017814827383,2.0275915833129248,3,4
913,25.26615585554382,0.042543210590092806,2.099859182640584,3,4
914,25.81159615566042,1.589057154516847,1.1139580391248325,3,4
916,28.90577294778901,0.14129323714879186,-0.8490237572849645,3,4
918,24.136073939981777,-0.05181918486888176,-4.3695553080423934,3,4
920,26.58508667611471,-0.22121249409982452,-1.478065438018954,3,4
921,21.119787118268015,0.794703632781649,0.9032945467254506,3,4
939,21.00182836492767,1.224034300647154,0.6966798819470728,3,4
940,24.372151401293923,1.473825392759572,1.955734924176006,3,4
943,22.44415548639375,0.8581105601949778,-2.2262885016421854,3,4
956,27.6837114564033,0.8068942754471008,1.3653309368773527,3,4
958,24.04365910661079,2.2386532126051417,-1.5532144246765505,3,4
960,25.219944890167834,-0.08269767338735806,-0.4841596187940599,3,4
963,23.49962188440297,1.07023234790567,0.17012292819754551,3,4
970,26.992905442155763,1.3172059068590194,-2.1868154030428437,3,4
974,27.416219838902713,0.1674111930233147,-0.3250367841614873,3,4
976,23.155454223809137,0.8885433293458245,1.5361561126546723,3,4
981,26.545309730589576,0.5869267039965589,-0.395613152313804,3,4
989,21.30528761655197,-1.3717711518779512,0.0014838738112337158,3,4
991,25.860720988220987,0.7086136700121413,-4.1190183339460384,3,4
992,23.479467536949684,-0.45122092852679696,-6.343687702745417,3,4
994,25.74579454753316,0.3164129570207395,1.3291785227634954,3,4
999,27.863634631121915,1.8035376466229585,-3.7719818451605165,3,4
0,5.220629617539499,1.5871637470660818,-2.553690590482863,4,0
4,2.372456303199194,0.6134303022859704,-0.26650570420861136,4,0
10,2.448557050442972,0.49755733146675674,-1.7740886889382776,4,0
12,5.1936728493405875,0.6013522743598125,-2.9018321109575216,4,0
17,2.95114921711182,0.9510243902490554,3.22737082702107,4,0
22,4.980687892968967,0.5942392466923891,-3.047288603610576,4,0
23,6.52081487456099,1.5649864922518255,-2.7028857945620137,4,0
24,4.23631049922404,-0.8657641640387403,0.5975195808822893,4,0
29,5.150034791188195,0.5713736933738841,-3.436526283322344,4,0
30,6.127302054022786,0.8328526421608471,-4.368830226020421,4,0
32,7.455649302230257,-0.556316073681886,-5.710848782070084,4,0
33,7.349905747100764,1.7850525620161015,1.5568798777574688,4,0
34,12.217768243693733,0.6523161744240364,3.970151988540842,4,0
38,4.266237617270205,1.4799487445195734,7.009390514027561,4,0
45,5.605650906056843,-0.7470206355809568,-4.104788182003224,4,0
46,5.566068482355376,0.018545965854112112,-1.1625625757841753,4,0
47,0.7310714907985413,1.505604815979973,-2.194640406796394,4,0
62,8.84098656255608,1.7516107902562552,1.0591264565332614,4,0
67,7.490409385493656,1.6629518863896309,-0.9871493117647083,4,0
76,4.296539763365896,1.3103281045774957,0.0879817197035816,4,0
77,5.471299544988935,0.520976169141065,0.012663699170606668,4,0
78,7.821401904836266,0.5736771314328206,-2.619434673669055,4,0
80,7.123550403407268,0.42501813582468634,4.2903364383966665,4,0
82,5.358430799895292,-0.06743723142382929,-0.6955387641808631,4,0
92,0.2905276855344914,0.5700420676675118,0.26180882279057593,4,0
93,6.864480387316799,0.5035035494202447,5.147081938388489,4,0
94,4.931300734855935,1.8514897496350036,-3.6014222581192024,4,0
98,3.65144948640785,-0.014474466599153801,7.4883448913493025,4,0
104,2.8548120306377163,1.8926329821617989,-0.6527860686797798,4,0
105,4.188159120083098,1.3174053780374944,4.053105655644712,4,0
109,1.2022997124125223,1.766714628310001,-0.9605440746341531,4,0
111,5.673768652024922,-0.02158107632687911,0.7895339925748862,4,0
124,5.5229412666796405,1.4486403988208816,1.615716783692506,4,0
130,3.7316827868212052,0.6586948624953549,-1.7192689407479134,4,0
131,2.4113322501305827,1.2685091694135247,1.9182990114565692,4,0
132,6.2412187045707626,1.5153377041808356,1.1719571038866956,4,0
133,5.312689632543658,0.7101109673508983,-0.8216812817379002,4,0
135,3.8027962824293344,-0.05951101269525333,-1.1491450233695328,4,0
137,4.245335001855209,1.300470975014372,-2.1701860284762686,4,0
139,5.777863889835032,0.45302419765242935,0.3618456685944367,4,0
149,4.366140981779154,2.17459885846507,5.214572093462519,4,0
150,6.645421772078124,0.3592878960971009,-4.527227498598047,4,0
158,6.156754572258331,0.9403498404423474,-0.22812683024853464,4,0
159,8.480279216727677,0.855551549927082,4.296408515010378,4,0
168,4.870649259829461,-0.3563907024449795,4.683684956118543,4,0
174,2.326276911523193,0.7473061558996869,0.8677602025668874,4,0
176,6.206326176069997,-0.6008380094034277,-2.5114403405161174,4,0
178,2.568151946824666,0.7702351056645268,-1.0837497842571215,4,0
179,7.395701453929144,0.5820312200169631,-2.1809514816531625,4,0
181,6.114949277405322,0.838714915289663,2.95316734920619,4,0
184,5.268470256207269,0.635157377773261,-2.322130913871051,4,0
186,6.955621981729457,2.029123917055989,1.7403993830211113,4,0
187,2.647372092305396,0.6315646316833067,8.886383958052837,4,0
194,2.407224195484468,1.3046395376494995,-2.4119932896900447,4,0
195,13.9171697630373,0.954480233031701,7.806893700164742,4,0
197,3.9413812900633394,1.3504283784312114,1.2796361625716415,4,0
201,1.660378855464692,6.0591570163902535,2.435099497440388,4,1
216,3.4525131721526288,9.642060424589282,-0.32748798218202146,4,1
221,4.655655338839978,8.443992150848164,-1.038936398078476,4,1
238,1.9361439929086124,6.605513742804671,-4.433435061106671,4,1
239,5.925526268956448,1.8840563523154032,0.5912425369002864,4,1
242,9.954893832583416,5.436389191639825,2.9028513834297396,4,1
244,1.6705232645997175,10.012410844849727,-1.7506752176610356,4,1
260,7.935728525190591,5.735316479196115,4.495966927095745,4,1
265,5.496167541666987,2.4405765960098593,-0.7936935101972943,4,1
271,2.624722495114952,10.07500015933452,0.5308046848541788,4,1
279,5.361366233786208,5.589252253996675,3.0749993608065314,4,1
280,0.12069249981299013,5.993047303610771,-1.899127351980468,4,1
291,3.6313244399382523,11.162397940167432,1.0946642931612676,4,1
293,8.027745797971084,2.4531449555167946,-0.1667859278295153,4,1
302,9.20814801570304,0.3819730590168596,-1.4587727124479337,4,1
303,5.48525629337257,7.0594901684873665,-0.24498664517281854,4,1
317,11.681848598947509,5.414799575071667,-4.917958305480954,4,1
326,6.1150794891246205,0.02673612020214816,2.077142839206787,4,1
327,6.618620031449609,4.025231939675671,3.949633064141708,4,1
330,2.470292506219232,6.11876024610369,0.23496528420892115,4,1
364,10.64948804996174,6.574991966334907,-2.3268541539277368,4,1
367,3.081129919485819,8.128120243021606,4.329335719089535,4,1
369,0.3779490239441081,5.639150124197574,0.40507944551308306,4,1
371,11.504003121377524,2.5308889145869022,0.46456205498514325,4,1
380,4.779767834532558,10.392385509855705,-2.0676005745959847,4,1
381,7.7228754312885775,3.251299829778863,-3.7693543933233626,4,1
389,4.341966350823245,5.855410638934642,0.7250847647337624,4,1
392,6.0513727745211074,9.467821014800942,3.136693049802065,4,1
393,5.01698561434143,7.664680340299699,-0.2058638555785865,4,1
395,2.5123023794979202,6.302694462611635,0.5310446547221269,4,1
397,5.7234720849074945,5.673406955485651,3.47339004471314,4,1
400,14.333459931054858,0.5451267459463229,-2.8649521934948394,4,2
401,11.866083727677006,-0.25909704774710707,4.556685213169068,4,2
406,13.692561914642308,0.3110462296013954,-4.507381969350641,4,2
431,13.96740778446367,0.00326001712058821,-3.7857070339370313,4,2
433,16.110709660995795,0.050112987622324134,3.2286294824706836,4,2
434,11.47890611515583,1.2811910026899214,-1.185935013071411,4,2
435,17.12349218203955,0.1731521771020209,0.14311428146849536,4,2
439,14.275580206456777,0.8581055658003502,1.9403335767355725,4,2
441,14.490602878643827,0.5960810750923743,3.791987985928182,4,2
442,13.288891296542682,0.5778396207903251,-5.649847722503004,4,2
445,12.285392751295014,0.4527347295364016,-4.778504790674127,4,2
448,13.524576123389783,0.9932194601814157,2.4483060453590846,4,2
450,15.739348966905265,0.20557767550048922,2.1124569168655785,4,2
451,12.018218486730602,-0.4987145766236638,6.7424700145032945,4,2
464,15.757079300101347,0.6263941396134065,-0.4320194106861056,4,2
481,15.18757837821448,0.6391573206326853,-1.1284999249450105,4,2
486,14.809306901982305,1.2244941545765877,1.7285054665852657,4,2
489,13.632016689680437,0.3872025806443622,2.6268152773744635,4,2
492,13.06718683297737,0.053247277326343156,-1.5817018159094922,4,2
493,14.922396798593928,0.4414042836129761,-0.5668972564379633,4,2
495,13.886119302794386,1.5498080514136912,-2.0591501981164413,4,2
499,13.974404436810405,1.2274351521675977,-7.3170038155432096,4,2
501,15.412660474307787,0.8205106001706889,3.1813350410465153,4,2
514,11.291840158086304,0.6478316932310133,-1.6821875288533077,4,2
519,13.77146746212662,1.7151795210789358,9.264275731954799,4,2
520,15.843889841295432,0.8918089364703886,5.554322169029448,4,2
523,14.514125077511888,0.9880129395827462,0.21684430368755533,4,2
524,18.2041389441987,0.7531484730835233,0.3071304220866088,4,2
525,13.008777621647283,0.22574723407556657,1.3805244215386487,4,2
528,12.640014271887289,0.084958153041646,3.2128674971638658,4,2
531,13.049534981976601,0.9655130363659854,0.6948798325503914,4,2
532,14.694030932762594,-0.0751345645689665,-0.0014175727191592102,4,2
537,17.88490200282443,1.2320804274181463,1.3734920419609118,4,2
539,18.096630900342753,0.9902823199292792,-2.303983863172821,4,2
543,14.503351361434273,1.8882468633923755,5.588385872092032,4,2
545,13.331027925514988,-0.20499422151162877,1.480781220269245,4,2
550,13.988249962934495,1.2398101615578643,-2.3185359951155857,4,2
554,15.289808648638719,0.3668186715890021,2.253786631864876,4,2
556,16.03929005768579,1.3711541953513424,2.8086992350864963,4,2
560,13.419520461173219,2.2912856987296077,4.24948350115536,4,2
566,15.771446135086666,1.0085439792025883,4.7690758826752235,4,2
568,18.397159033665808,1.6537376645848227,1.3967898625947064,4,2
573,15.34757731768566,0.16211470909120562,-0.31018509046119536,4,2
580,10.067251397523465,1.8685445629012558,3.889672502868654,4,2
587,12.806200035515552,0.7376235532018036,3.6821517564935373,4,2
589,9.864674205700199,1.400628544256691,-1.7599880365175788,4,2
594,14.81217437604722,1.2614719030531365,0.7938939971381164,4,2
595,14.628579522705541,0.5717614397577082,1.1610149119810287,4,2
596,13.671415037745252,0.2985232632725014,-2.8069272402477567,4,2
599,11.310304703698304,-0.3754879173976109,-4.589883687999994,4,2
601,21.823464683972283,0.058396784782272115,-1.490513077318635,4,3
609,23.660668284904464,0.6537778428812833,-1.9199872479870428,4,3
612,21.666046763474686,0.6184995740437146,0.32663209437156826,4,3
613,23.634902768023895,0.05296002772824282,-3.8363722540583494,4,3
615,17.97657137341119,1.2611786181329,1.4022601039274807,4,3
619,18.025319261679684,1.4431632231515559,-6.632948845044536,4,3
629,16.330626622937082,-0.11549491166978082,0.002453260820047043,4,3
630,20.113234442665465,1.6889505485929213,-2.0650572744658118,4,3
633,23.48664860869698,1.1504986671921518,0.702219558891198,4,3
635,20.02639810981106,1.3526811238976415,-0.07517451084916871,4,3
636,20.31904870431668,1.207041639298552,-0.9428387792589752,4,3
637,18.39186579114285,1.3330272670322403,-1.576888205380457,4,3
638,20.743327547457877,0.2410888569580042,0.19687906656529608,4,3
641,19.710411081404814,0.4349463511560533,-2.7703367922477877,4,3
644,16.220117973860127,1.5510446197840828,4.938407813120539,4,3
645,19.40996228571632,-0.20042699586144846,-0.15988085969247934,4,3
654,18.25778315330616,2.0559939007246064,7.234980991569094,4,3
664,17.089003314213368,-0.055416644529543035,-0.03799534475870836,4,3
667,22.17403667550845,-0.021230759997269755,0.6000967437637552,4,3
668,20.392403126522787,0.7356219888392218,-0.6140740703060739,4,3
671,17.254964779305936,0.38472135680316344,-2.7766153921831553,4,3
678,20.855130669570787,-0.055483734154271325,-0.6050679607807663,4,3
683,21.348307589254592,1.8226629262330427,-1.6996052160765531,4,3
687,19.328440201149505,0.24040746645270883,-2.212463198327107,4,3
694,18.38345499531299,1.0330386755574412,-1.4367989297333312,4,3
709,21.045349918449787,0.3054249639673519,-3.3987544972447425,4,3
717,24.926677292544397,0.5929259214533202,-0.7462160354607398,4,3
720,15.787228108345554,1.3102368061968712,-2.7763034264378206,4,3
722,19.888820636737776,0.598844233971213,-2.340625776965354,4,3
725,19.688670519905088,1.0561116692670998,1.479235338657882,4,3
732,21.787275750512872,0.22091969255876798,0.48963417213022126,4,3
736,22.187836212725617,1.6850295746277082,1.1182666933532457,4,3
740,19.147245352184836,0.9969405940502234,-0.31375977894646656,4,3
746,20.3629641800543,1.1792500028489539,-1.5808641281383946,4,3
748,20.48359779121329,-0.016654054527519946,-1.0678175976623767,4,3
766,20.477316640758904,0.04810890819584762,1.5134894220425257,4,3
767,21.08110879819831,0.8568276638662966,-2.4939150300066397,4,3
772,23.70127063125297,-1.1122651521326223,2.845115419451433,4,3
775,22.02964097897158,0.3058220512513333,3.9541636672944254,4,3
787,18.44181725302417,0.605805266552651,0.05822930126059067,4,3
788,24.68587731493385,0.5645662539703402,0.31613441697802125,4,3
804,25.212153497400138,1.1431620285463617,2.2355848055334877,4,4
814,28.80683837680867,0.2648451168189956,-3.624817702300149,4,4
818,23.19969188558694,1.188933308720009,-0.2615298963156034,4,4
825,30.24432313181279,0.7582581776377881,2.5337293396951996,4,4
826,25.500348865799456,0.10910815948396657,5.897664236025936,4,4
839,22.941701134318595,1.5408396781642617,4.573624720662828,4,4
846,25.60114736973481,-0.5972400723820219,0.3984049255860894,4,4
853,28.04469321906364,0.9478071612927715,3.2688604813521946,4,4
857,24.995662443890925,-0.9644944375379578,0.3256122395844493,4,4
858,26.259247755724136,0.09422856846690653,-0.6937251183490531,4,4
859,26.115478757665638,1.1227831605677638,0.4820360660741919,4,4
860,26.33280047655056,0.7528665745867111,0.7571478427000332,4,4
861,22.533180658687527,0.5777527860716436,-4.544195096690279,4,4
863,27.72173688382133,0.3352480811308952,-2.012731172083093,4,4
866,27.547944445384086,0.5499320350706972,-3.482373963551883,4,4
883,26.991573649088558,2.330347925765678,1.5382724161230072,4,4
885,24.729632633779197,1.3056271470564917,2.0064437112862037,4,4
886,27.139224315056172,0.8956310688863166,1.0923731619842032,4,4
889,26.06227784087762,1.1611946318771507,2.3092497714605,4,4
906,21.72537589335701,0.9661815795283388,2.258066589633868,4,4
913,25.507019423942474,0.2820369150080748,1.8202175680732182,4,4
914,26.104850679154154,1.970284334181267,0.7275009890751832,4,4
916,28.802096384070634,0.2909486305060085,-0.8562132712857734,4,4
918,24.196226368935275,0.0009678974584316213,-4.435868169391387,4,4
920,26.297736893574676,-0.03401627601134177,-1.1256724458804237,4,4
921,21.37306853377768,1.1681521611396362,1.176785677050666,4,4
939,20.922414965470804,1.3644540250662844,0.28319637039987844,4,4
940,24.687462971341795,1.4776689869845774,1.8840145845476854,4,4
943,22.01525727350207,0.8681160049822823,-2.0302269557245354,4,4
956,27.89050753522219,1.0223616826846955,1.61356815686901,4,4
958,24.45696436519032,2.5036372779343616,-1.5476709096446517,4,4
960,25.162772959943936,0.22476857320783966,-0.6012429142957864,4,4
963,23.87603360120014,1.4521053179691978,-0.19137141859671788,4,4
970,26.89269016766471,1.7616486100721476,-2.071263902759809,4,4
974,27.184975884964306,0.6426444059109837,0.07488105369320097,4,4
976,23.591686521718522,1.0591990612087607,1.9777662613621503,4,4
981,26.965584831207632,0.7341031721119431,-0.6049532429131225,4,4
989,21.284501904858665,-0.8765337133623503,-0.34521428047209146,4,4
991,26.34158604857073,1.151470687879711,-4.034191905975401,4,4
992,23.889468038315865,-0.101873511024271,-6.7327455106689325,4,4
994,25.384842785733145,0.7447667538781282,1.3140484796263805,4,4
999,27.716328549999627,2.2071990177680645,-3.3170955526217374,4,4
0,5.437714832187316,1.735122138220766,-2.6239427529668133,5,0
4,2.76078101459699,0.6771346261461704,-0.1234487753926155,5,0
10,2.2576209018707445,0.5861265514621181,-2.164983792762237,5,0
12,4.710268416184414,0.7561973311032912,-3.365678015160146,5,0
17,3.1615555273469695,1.3786645066025658,2.8483112654735705,5,0
22,5.0033426957673575,0.9372680075822883,-2.9039348045782183,5,0
23,6.961527303947573,1.7234773232710014,-2.2636178322735896,5,0
24,4.609001827220558,-0.49547216686425555,0.9451706860659592,5,0
29,5.457921316537698,0.7402041685760505,-3.2523496409146895,5,0
30,6.605505546036384,1.0732093649117864,-4.4569218036805,5,0
32,7.202763454149846,-0.1939106839809629,-5.623893776256848,5,0
33,7.135861174263835,2.0728355843218695,1.2794919012582462,5,0
34,11.836298331763327,0.8918195743065831,4.2275061755290855,5,0
38,4.04782494775238,1.669256451545171,7.229498516610644,5,0
45,5.851298629410209,-0.6499802853314375,-4.30774982097788,5,0
46,5.610200285495086,0.026484142810866418,-0.8871220660525793,5,0
47,0.3120998741656392,2.0046091351108264,-1.8592569674771589,5,0
62,8.88908635942372,1.9602785477638691,0.8653461251646164,5,0
67,7.811849308075321,2.0154728414419245,-0.5165826723852839,5,0
76,4.585010966753244,1.6864902585702852,0.3841585665937174,5,0
77,5.67425642283766,0.960952773788269,-0.32588819935363206,5,0
78,7.8346212041944945,0.9528414966872355,-2.2101762460447345,5,0
80,7.3858215415434465,0.8613824027669277,4.595830528342469,5,0
82,5.445241626604694,0.15304073768487736,-0.7958125716851582,5,0
92,0.7598509021160584,0.6334874347011276,0.46481458967147826,5,0
93,7.0147785965801255,0.9896089390877555,5.44918789268743,5,0
94,4.51381125787611,2.2783348875582914,-4.01089145958674,5,0
98,3.333136782560918,0.4599214934337825,7.118410282050256,5,0
104,2.7254213127382334,1.957899767139305,-0.4858774876475802,5,0
105,3.8632212734519933,1.51130395773139,3.8154661059698296,5,0
109,0.7432851586045279,2.006721727441648,-0.592084041798366,5,0
111,5.758058370225925,0.432761222905051,0.728690741281289,5,0
124,5.4289143851079835,1.7197048595197206,1.6184286927233456,5,0
130,3.2647544692800268,0.6987002798339477,-1.8493923583693315,5,0
131,2.3684274342366103,1.6595005756313956,2.055050522698415,5,0
132,6.045456768780934,1.7202747521084247,1.538861754294915,5,0
133,5.144235063234325,1.1312338910414457,-0.9121066468199901,5,0
135,3.5124279281655424,0.006279853590625772,-0.9052658052954072,5,0
137,4.11500226559683,1.6140054337689063,-1.724744518681675,5,0
139,5.583306603959123,0.5295486032754215,0.3372719968137141,5,0
149,4.8295358837346996,2.2365673935080808,5.435428612610644,5,0
150,6.628183483438926,0.7532073186478172,-4.279757132077932,5,0
158,6.378109345884965,1.197230841280244,0.14753578329827588,5,0
159,8.74787857457125,1.2985323055642506,4.732045153545396,5,0
168,4.4177111509512486,-0.24493431559181722,4.501023600609553,5,0
174,2.4860010253030107,0.8233378218529677,0.5344987659008702,5,0
176,6.513046872301597,-0.299997967110889,-2.315501046571827,5,0
178,2.197116967753794,1.2115896293338806,-0.6782115143986182,5,0
179,7.084213958255221,0.9607359415350321,-2.336060067271616,5,0
181,6.605026669336495,1.1106682611280978,3.279409482893704,5,0
184,4.971645371274074,0.7996600856839009,-2.4111876749648005,5,0
186,6.99896061220779,2.499302657570901,2.041472526978737,5,0
187,2.9588205983507425,1.070392272973709,8.55794084028961,5,0
194,2.3989916474181427,1.3802714310761317,-2.4414623695154973,5,0
195,13.491829617024374,1.348666358191215,7.880815540393525,5,0
197,3.8337669437289246,1.802624721969022,1.2734417439215588,5,0
201,-2.1209201998220784,8.783059588864507,2.279575245495598,5,1
216,0.09165175322157992,12.219788804203096,-0.31815773368066913,5,1
221,1.239026388746724,11.64146703971582,-0.9162559127302905,5,1
238,-1.3002471375742808,9.935025449331238,-4.2599670574203286,5,1
239,2.000813225367051,5.0519058298833155,1.0831006034630644,5,1
242,6.420239857413425,8.19598887474646,2.586624885382815,5,1
244,-2.1670668155014887,13.453936774638432,-1.2987756952030027,5,1
260,4.102514226332726,8.629842606627147,4.930176849284563,5,1
265,2.1025163582121627,5.0676492822863075,-0.8123797806365126,5,1
271,-0.7318845548084676,13.536255631376598,0.11366556486651569,5,1
279,2.0980508385306798,8.329784562441102,2.7486763132560017,5,1
280,-3.3670455064848266,9.335226152710037,-2.280767212994615,5,1
291,-0.004961166063562672,14.135889914546258,1.0242612417466996,5,1
293,4.45171200139537,5.733373211671067,-0.48949987763981384,5,1
302,5.969442344097627,3.120072834429116,-1.7107279435844025,5,1
303,5.56627998897298,7.175564473321633,0.14365963627501976,5,1
317,8.507254912368056,8.108629962333792,-4.715109426055042,5,1
326,2.298054153289901,3.2336844579149,2.137059295863457,5,1
327,6.215063589273929,4.3373075509212295,4.193047921269649,5,1
330,-0.8200533926533424,8.642131222043936,0.6918282614601683,5,1
364,7.1586870082370595,9.125791713584004,-2.5609834266624363,5,1
367,-0.2729409448022935,11.236462458908495,4.4027710563552995,5,1
369,-3.493110671504814,8.666101494040879,0.16014521019384775,5,1
371,8.070837139991704,5.652253438699562,0.2587597084134594,5,1
380,1.7579132521231546,13.503490476326387,-1.9777099072668451,5,1
381,7.833385234474981,3.2557057574891504,-4.261085934404731,5,1
389,0.5842398352687503,9.206567034541013,1.1767043721294812,5,1
392,5.831255701503608,9.805419050413471,3.5417905174525743,5,1
393,1.9819474753742798,10.482391600471862,-0.52658398490554,5,1
395,2.1097911100976527,6.457905487227771,0.647982945577989,5,1
397,2.5580395583649675,8.792505632019175,3.5025716416483386,5,1
400,14.762586444210251,0.7427941884895961,-2.991276912959916,5,2
401,12.165508547841123,0.005361358418609963,4.215466993785205,5,2
406,13.455611631729793,0.6624296121404982,-4.161654169993036,5,2
431,14.044991648745256,0.11295586347119652,-4.137431822857903,5,2
433,15.83007450336631,0.238214241338426,3.7192001301073807,5,2
434,11.41689171491467,1.7604192780900492,-0.7240913672696349,5,2
435,17.136993929954215,0.29451194145103854,-0.31207974430033303,5,2
439,14.012950387938597,0.8719931230777997,2.1944078643437903,5,2
441,14.981527852536772,0.7195710477794488,4.001848521744467,5,2
442,13.464533835120053,0.998551828624618,-5.326218174969918,5,2
445,12.750397197240595,0.6122107104047239,-4.607447573236507,5,2
448,13.74589052387805,1.2197103393202804,1.968667872308721,5,2
450,16.164981293627083,0.4313090397589165,1.6637589495444647,5,2
451,12.410459536257651,-0.2666063739743439,7.118580069673233,5,2
464,15.460341876728892,0.9483970950051687,-0.9182732919452965,5,2
481,15.32064609908442,0.776927421147191,-0.9653980241237236,5,2
486,15.075015992288478,1.4744569614783654,1.8239680496043067,5,2
489,13.324468663032484,0.4362054480954588,2.2018690231925824,5,2
492,13.341057002401836,0.33855075916809413,-1.6087690831606567,5,2
493,14.852066189416055,0.5636446427513644,-0.17628865287751716,5,2
495,14.061297616801648,1.6316616281479164,-2.5203941687034335,5,2
499,13.567062572500614,1.6398042850282615,-7.6341564952640635,5,2
501,15.227358801502662,1.2135238879153805,3.602701680929771,5,2
514,11.43217659345817,1.1075659723864073,-1.9938538956287448,5,2
519,14.249836383244286,1.9519703125032957,9.286575543410041,5,2
520,16.15737136213261,1.1163913616118697,5.696410135139582,5,2
523,14.152848502727801,1.2754720495271874,-0.20821776513039716,5,2
524,18.60508204406438,0.9615384980666613,0.4944491310123622,5,2
525,12.911626514259913,0.29278796650095784,1.7206731451796522,5,2
528,12.904959432535136,0.16801802257801995,2.7658124521692424,5,2
531,13.077931616211547,1.28621147224925,0.9012524506178899,5,2
532,15.017096630199948,0.37762789044870904,-0.42405930758999444,5,2
537,18.37309264929033,1.4825898789650283,1.3797781603613777,5,2
539,18.024363928294395,1.170086430240434,-2.645820680503287,5,2
543,14.200883777585357,2.155865123546479,5.652115206236079,5,2
545,12.96910759043876,-0.11940059347230902,1.433909520227803,5,2
550,13.879742360738383,1.4880464788597754,-2.1461323085177906,5,2
554,15.187188278769591,0.4245564968511623,2.00763375235128,5,2
556,15.894138935029531,1.4623442319652797,3.1487851378168825,5,2
560,13.300099625626912,2.7816485436266434,4.225099754797287,5,2
566,16.14447960441852,1.058051854077109,4.732843553150346,5,2
568,18.301365663904843,1.9322166453245013,1.2279273380571811,5,2
573,15.727790860280262,0.5315441947387144,-0.45145104613781084,5,2
580,10.28380314296799,2.2440049031348215,3.808599362233262,5,2
587,13.277015069299056,1.0497356721600501,3.679698222389754,5,2
589,9.996290381459461,1.7215008180872184,-1.7157296083435094,5,2
594,14.84798963346201,1.2917071268018137,0.6039604575505779,5,2
595,14.417106373729208,0.8161047516135878,0.8619513536535246,5,2
596,13.861047829100897,0.4914713447438153,-2.4088488773061196,5,2
599,10.845755649243944,-0.2175979839978502,-4.996671354427863,5,2
601,22.059657032873925,0.1676889742625814,-1.9251072418783461,5,3
609,24.101725745647556,0.8455954449216441,-1.5566111954101165,5,3
612,22.03509838115452,1.0049069613345927,-0.1278547044942938,5,3
613,23.39369602260444,0.2649979752968157,-3.672219853928774,5,3
615,17.512546850021323,1.2666585480142556,1.2974527135683842,5,3
619,17.734500558094002,1.680273413028539,-6.176457427271975,5,3
629,16.716799778978746,0.20412265494283044,0.16227111483042211,5,3
630,20.208014850138778,1.9746685494310128,-2.2422450427093863,5,3
633,23.43518236754112,1.2254737001532416,0.6727152538971585,5,3
635,20.44317873202808,1.508515982150969,-0.27801593782508127,5,3
636,19.97759772599959,1.4869916263887224,-0.5340178328954481,5,3
637,18.4129178005614,1.6978815015114617,-1.1137516322482877,5,3
638,20.631624630045888,0.43148020754535266,-0.09766937799169739,5,3
641,19.80408495823543,0.5880905936403475,-3.2494440072186084,5,3
644,16.680001322555444,1.802934474310883,5.043903108002884,5,3
645,19.538802702652596,0.11364731432110636,-0.10014816164202245,5,3
654,18.233650297615384,2.3093390731550416,7.184479636369364,5,3
664,17.423802754206513,0.10276908420992914,0.16488283482582167,5,3
667,22.083806497955493,0.32462131468459043,0.28205534970944734,5,3
668,20.13322455171192,0.7487084433493766,-0.21435296068624266,5,3
671,17.388409307337664,0.4419773850659731,-3.0501428561072754,5,3
678,20.592690939872725,0.13884228621720607,-0.7838156140417204,5,3
683,21.15430759121941,2.220012636347935,-1.7741278054929823,5,3
687,18.972196040777487,0.5789978558240704,-2.191615649620271,5,3
694,18.421169518814793,1.352138360754434,-1.3823455350691682,5,3
709,20.681974304632792,0.600401117003206,-3.4355974163291165,5,3
717,24.993419686483026,0.8350306041847422,-0.4020058491527386,5,3
720,15.681647948879675,1.7498225280384125,-2.6914208279556853,5,3
722,19.92105359915879,0.8713149729219133,-1.8958839840423138,5,3
725,19.257352262706103,1.4923426325366238,1.1589579312184477,5,3
732,21.741472913672254,0.30118506647050736,0.7085012743434722,5,3
736,22.68018880314438,1.9969886447978085,1.199028738145747,5,3
740,18.701060190448914,1.2067162482436622,0.07666221060198297,5,3
746,20.628580525380503,1.6467304953275663,-1.3227823377205785,5,3
748,20.04865386219616,0.2291491294956164,-1.46854831550495,5,3
766,20.767715460473863,0.3241532630256805,1.2806986213274094,5,3
767,21.231263947274716,0.9393263976632616,-2.408604206249047,5,3
772,23.614372529300496,-0.8110359218564711,2.8781673644890304,5,3
775,22.363496029451927,0.7177129328715677,4.136891010058754,5,3
787,18.40885693178549,1.065138233996908,0.40081353361468053,5,3
788,24.2752143748147,0.6564529755777098,0.09818186801645123,5,3
804,24.97020665802266,1.2178744195284796,2.573412507638864,5,4
814,28.843162714837646,0.7051218197792515,-3.942797363217876,5,4
818,23.333139775743454,1.3965817926887507,-0.6300916629972226,5,4
825,30.704950242165907,1.0565644929448605,2.1265073310157305,5,4
826,25.45096843488762,0.13968330508128812,5.618488835795927,5,4
839,22.567011515074178,1.7838771015553825,4.717387887227177,5,4
846,25.843686654655905,-0.45763864609812005,0.415627774461242,5,4
853,28.39817992232771,1.3341398032565526,3.014636515372203,5,4
857,25.078713758628407,-0.6959600086069793,0.82469565557039,5,4
858,26.64730264239965,0.23557125795546985,-0.3112164266376968,5,4
859,26.36216983832631,1.4494907960296708,0.848810683090308,5,4
860,26.636388538591717,1.2245323036698423,1.1785025351455956,5,4
861,23.015783261697653,0.9805688214122568,-4.610529072875465,5,4
863,27.330102235762432,0.5010677573303471,-2.12553426667242,5,4
866,27.311570478633275,0.7129008848864451,-3.72078310180542,5,4
883,26.734331353001156,2.7894539057648498,1.354808814891466,5,4
885,24.437625568236957,1.3657285582074157,2.467397274986818,5,4
886,27.52758811653382,1.229190273844211,1.2850213399527843,5,4
889,25.88664343148836,1.3045605700806893,1.8288529222079744,5,4
906,21.84126485947048,1.0666992756105858,2.2336790628921186,5,4
913,25.26164705659338,0.5810858479021459,2.319500314979644,5,4
914,26.45047410364195,2.02426905473396,0.6137092701871831,5,4
916,29.084871668369054,0.35966172830478366,-1.1779742324040314,5,4
918,23.880764410557934,0.4242342277306861,-4.431122019335281,5,4
920,26.389507407506578,0.15348614962706014,-1.5829847511239428,5,4
921,21.102218718629956,1.4097842553448725,0.8490427956749984,5,4
939,20.56568700779362,1.4985037126355538,-0.193697055719237,5,4
940,24.4926257520442,1.720834627030674,1.5236197755975245,5,4
943,22.314370648164758,1.014686808096814,-2.3589541934280707,5,4
956,27.84893088651294,1.2284605418808578,1.555166719899427,5,4
958,24.9323536044652,2.534483412430605,-1.3218921424226586,5,4
960,24.935721958762933,0.6906762739536227,-0.10855090245944932,5,4
963,23.953297842004023,1.792778784816159,-0.5921067877178737,5,4
970,26.76105250228609,1.9249096812717355,-2.006399419117164,5,4
974,27.295114566126024,1.1358233674379243,0.2809758437460491,5,4
976,23.762649048745438,1.3948972352833198,1.6921064074330996,5,4
981,27.270783870537578,1.1640470338856523,-0.4058920136302665,5,4
989,21.631438359158814,-0.5308216282374262,-0.10179123264152956,5,4
991,26.338203301237897,1.2573716694417312,-3.562704772740088,5,4
992,23.913887600961946,0.3751204328832327,-6.987835914707228,5,4
994,25.785152138008755,0.820724239237385,1.020141985788951,5,4
999,28.15046024456536,2.4296466083588566,-3.0004971034887804,5,4
0,5.556860419267676,1.8492830130390598,-2.61967374081116,6,0
4,3.173036054950773,0.9569939353677679,0.23042676014675506,6,0
10,1.8246383231524188,1.0385329241920007,-2.197214286140417,6,0
12,4.513905073605313,1.1143977469477542,-3.7624454646422554,6,0
17,3.55030147095659,1.7557135518743263,2.94571131886493,6,0
22,4.627512590388708,1.1949587767090488,-3.330784490230741,6,0
23,7.30192053631609,1.8885133422505824,-2.120930843563906,6,0
24,4.365665937010735,-0.2753335052620196,0.880993827975515,6,0
29,5.375709225230082,1.0559597453325686,-3.228032701414996,6,0
30,7.041638382623799,1.5554376334998108,-4.08071172880586,6,0
32,6.950544075091906,-0.004372258726941192,-5.8491262401529855,6,0
33,7.126378760329868,2.394293811025016,1.6463912483834573,6,0
34,11.9762723636092,1.1762714639214789,4.413555545164211,6,0
38,3.9754036246832185,1.8878520295935028,7.550073343697312,6,0
45,6.189097407101312,-0.4722302238503509,-3.930432995301304,6,0
46,5.56021631648713,0.3475219283799952,-0.6932405293361188,6,0
47,0.38719929343089465,2.29806609150804,-2.155999141061246,6,0
62,8.73466901904227,2.329170930851676,1.3050438289553261,6,0
67,8.034058351187257,2.3470065885956766,-0.3924627830372205,6,0
76,4.795497280790399,1.9163395551865259,-0.02535421634189794,6,0
77,5.652130983960063,1.4348428252541539,-0.5962895242776898,6,0
78,7.955083348563635,1.1072409073493437,-2.6085543587396476,6,0
80,7.496707221608034,1.255181367704647,4.807354732269201,6,0
82,5.063172993753015,0.4566652275926615,-0.9472484661892243,6,0
92,1.0998373834050628,0.8240472762580078,0.7710134877818711,6,0
93,6.942801916748055,1.3614441075792534,5.856109716604879,6,0
94,4.960173776703032,2.476344989717648,-3.7786168626385783,6,0
98,3.076353897692047,0.8323462247039067,7.486868815606511,6,0
104,3.1050225433074905,2.271775573528897,-0.19055898066650223,6,0
105,3.530718742256357,1.6592757173378623,3.892661480911662,6,0
109,0.2477952597828802,2.1465930866521234,-0.2777681776408656,6,0
111,5.654636293197529,0.5474054564900785,1.2196677534814255,6,0
124,5.797633765041379,1.968874161143757,1.2043535261593559,6,0
130,2.981214835873442,0.8214722078449552,-1.6113067949030087,6,0
131,2.44263271426051,1.8186880552585114,1.8939619949159638,6,0
132,5.940965581972319,1.8325341700753237,1.8388961382870925,6,0
133,5.6100144931252895,1.4553883366973404,-0.7989773957968236,6,0
135,3.194020206965603,0.42102843473271256,-1.3768772430878267,6,0
137,4.552961560895157,1.8780382392790247,-1.8057083394156277,6,0
139,5.292308573090525,0.9742722799926307,0.16118080693193593,6,0
149,4.928785679579413,2.71713990034742,5.853842117902917,6,0
150,6.179625243263978,0.9245067672958178,-4.099172236043944,6,0
158,6.871341279030945,1.3884786242423974,-0.10163016073536701,6,0
159,8.57837459121783,1.6068253989396188,4.561611533163795,6,0
168,4.658477143649201,0.05507845103464898,4.574023134886832,6,0
174,2.420474192901971,0.9942021282996264,0.5730915868376261,6,0
176,6.254697317047915,-0.06128862743661112,-1.9930435913747857,6,0
178,1.867439993948575,1.297562699740341,-1.157565611511963,6,0
179,6.965327327624234,1.4191820581040995,-2.0175360953772574,6,0
181,6.888450113724477,1.5327992142089317,2.808349803233785,6,0
184,4.903611935636393,1.0473978800576904,-1.9218838623344572,6,0
186,6.7747028644822525,2.6663844691516294,2.359495093178328,6,0
187,2.902963025357618,1.383797341453055,8.84570110086457,6,0
194,2.51395916698102,1.6115422707269318,-2.3594060328098436,6,0
195,13.228466673194742,1.3750949158695969,7.635916366944681,6,0
197,3.482465439259003,2.18771029378872,1.1233757316882007,6,0
201,-5.786751878223304,11.313687849516986,2.62912621455146,6,1
216,-2.943818037059672,15.05818119086112,-0.7901602205516586,6,1
221,0.8989098977946417,12.112675108767323,-0.4765437207675973,6,1
238,-4.3820158557399855,13.02831490993357,-3.9531231577175188,6,1
239,1.7789391460792943,5.370856043339476,0.9278293730389899,6,1
242,6.598113953556992,8.271857847387897,2.9160234302789414,6,1
244,-5.990387652932618,16.077604136518573,-1.5878659619082678,6,1
260,0.6321142642334854,11.687695257917019,4.815932897509386,6,1
265,2.4396896096999163,5.376681802133528,-1.1968163201728739,6,1
271,-1.0612627198147704,13.549093415496722,0.23049913748024298,6,1
279,-1.7508143169321921,11.422171542141378,3.020899886679723,6,1
280,-3.601188300535128,9.790679138052742,-2.473453898559519,6,1
291,-0.1149796547383729,14.40725567072913,0.6981517804262115,6,1
293,0.7243654947456184,9.00460453171814,-0.06155380115127573,6,1
302,2.920517354014148,5.711790047029815,-1.8284495016499978,6,1
303,5.461251621994942,7.631306034799362,0.06766930692217776,6,1
317,8.64203345551037,8.245406749977274,-4.320321085530214,6,1
326,-0.7507387035851658,6.380067424230421,2.1239723100317223,6,1
327,2.9585818888387174,7.005674129525351,3.8831061984221353,6,1
330,-1.0352148389031823,8.78268142794276,1.157331217082367,6,1
364,3.9357129752466395,12.078535711777503,-2.785962959722459,6,1
367,-3.9134819057893644,14.417650310312624,4.352704534206829,6,1
369,-3.056459045129199,8.924204089494973,0.18495585421495886,6,1
371,8.453552340320554,5.709562511913777,0.7454329186915792,6,1
380,1.4635012563226235,13.78427585710198,-2.081214728534187,6,1
381,4.283112575681264,6.099739067186821,-4.462978491623813,6,1
389,-2.903008633975393,11.715470870977164,0.99033458528352,6,1
392,5.890331702835882,9.992195241075736,3.444779774433993,6,1
393,2.3209418352927793,10.851794458182331,-0.9241092117973697,6,1
395,-1.1393483650955925,9.101362698211897,0.3733144291327387,6,1
397,-0.7977421461646883,12.194280375423233,3.558168707092499,6,1
400,14.66191074642895,0.8097610041044299,-3.171594127010335,6,2
401,12.599285851120111,0.43333883932170514,4.581500895482842,6,2
406,13.505696041395014,0.7257983617853734,-3.855331112762749,6,2
431,13.614023532536953,0.2659812482404993,-4.512821311952837,6,2
433,15.446069691698483,0.5208523826637594,4.081690868566554,6,2
434,11.34270439422337,2.0541939453134352,-0.4240420331500492,6,2
435,17.5286464767625,0.3249220408311958,-0.2587529119383235,6,2
439,14.19769189019534,1.0968980198731977,2.034722011734932,6,2
441,14.606604004737102,1.0143313489680161,3.6297956039220405,6,2
442,13.179168603122063,1.226741850690326,-5.712390733262546,6,2
445,12.654876461396743,0.6292622875498457,-4.321167737266314,6,2
448,13.371013661292979,1.6930589446759847,2.1879172790400188,6,2
450,16.546044400816516,0.5179841412097604,1.1967541528721537,6,2
451,12.782730376454836,-0.24382286926370578,6.665703933839342,6,2
464,15.297562650684661,1.243090894637041,-0.45863537135156085,6,2
481,15.005807861175047,1.1660355088190937,-0.7999399083235498,6,2
486,15.368654119931458,1.9189652607400105,1.4326375919215235,6,2
489,13.281053851032201,0.6869576630926104,2.5825994791139726,6,2
492,13.625885669521347,0.7185738793883942,-1.8090393327680396,6,2
493,14.611995753254673,0.9111471970877459,0.3025571721102006,6,2
495,13.843086788194448,1.9142934479233271,-2.3927892373949273,6,2
499,13.39863857142244,1.8491099887608535,-7.153515728920037,6,2
501,14.954292522298372,1.6815392607816169,3.6074610999110273,6,2
514,11.586144478129935,1.1642228655420148,-1.5655826428219655,6,2
519,13.946271260165341,2.388782524455154,9.188471683405204,6,2
520,16.230436581784453,1.3337768034128925,5.481406844069028,6,2
523,14.099472215521725,1.6172026666105923,-0.1449158963069377,6,2
524,18.492243236160864,1.3086431476003109,0.9583909382659236,6,2
525,12.884469822091216,0.5949684638262054,1.2650277001095462,6,2
528,12.71463431500821,0.4259415808762376,2.676566619102519,6,2
531,12.602270141977348,1.5324618670627554,1.3876703938281723,6,2
532,14.591128264630617,0.6968392414785034,-0.09123970160107653,6,2
537,18.63865854313328,1.7214162931552863,1.7570693086621523,6,2
539,17.57359899849045,1.219543481560951,-2.975419838021904,6,2
543,14.564185562294142,2.4027303657524826,5.358757065496978,6,2
545,12.720116010604954,-0.10275682461519164,1.9025534129540096,6,2
550,13.82929594838472,1.5608317110387264,-2.541603047426548,6,2
554,14.756069529752178,0.7395026357211929,1.548298768439185,6,2
556,16.17651998705426,1.8155061443822664,3.494997239258459,6,2
560,13.765613786173093,3.1077876341588886,4.087004552184368,6,2
566,15.78796053785623,1.1962485647743026,4.56398253887675,6,2
568,18.33454553094265,2.3236773418424255,1.3566488480686494,6,2
573,15.750765508931067,0.8434000194259608,-0.6087535576110814,6,2
580,9.975615998157291,2.6037299916624383,3.9271628746833573,6,2
587,13.678849260996708,1.0594314942543526,3.4047651999421285,6,2
589,9.561715346347516,2.1020544573620668,-1.5202482754247106,6,2
594,14.626040212324519,1.5194358313171152,0.7771941165088146,6,2
595,13.977591042849092,0.8621674025055637,0.7801274582955765,6,2
596,13.685977622275301,0.9521771595212706,-2.423842438616922,6,2
599,10.477813071429479,-0.1958504256803052,-4.814879503557715,6,2
601,22.403522272917723,0.21089406563767765,-2.1581259955528376,6,3
609,23.742262243002052,1.0607827482653998,-1.8173757626353277,6,3
612,21.72610162054936,1.2110676869575054,0.19673422302001742,6,3
613,23.48087626165413,0.36959821415903893,-3.6960182759096654,6,3
615,17.81331897156224,1.4715553781016224,1.7708810643015767,6,3
619,18.133804234143078,1.825360021276691,-6.475129570370307,6,3
629,16.34761520209849,0.24374219518537132,0.5235886802621629,6,3
630,20.425677743066775,2.386450369870836,-2.488548690384012,6,3
633,23.734567354259994,1.4064081735406524,0.2659021816390523,6,3
635,20.165977750912116,1.9751722403275866,0.03586224839500696,6,3
636,19.56738224984709,1.6908024560077535,-0.9192881975346553,6,3
637,18.293370512335514,1.7333708136358987,-0.8657126626880235,6,3
638,20.164594999624462,0.5964484825025955,0.22538387237719448,6,3
641,19.819984495209695,1.0036301552460403,-3.4483978127707733,6,3
644,16.39695812713753,2.0215441474613023,4.590666695241953,6,3
645,19.48838090054488,0.44476667296352407,-0.3798226206679436,6,3
654,17.89463857410781,2.6134190992307254,6.705029339177068,6,3
664,17.409309691753073,0.24363231042083477,0.5556308090280847,6,3
667,22.459853382745283,0.4898022770045321,0.18040558667651319,6,3
668,20.362212133203673,1.120448643897125,-0.1375606741062032,6,3
671,17.16147950221331,0.653632716421277,-2.58103122962162,6,3
678,20.185158645722684,0.37431942976703875,-0.6033286324036046,6,3
683,21.332175109346366,2.6138074951711308,-1.568558463299087,6,3
687,18.53914591052793,0.806319345212833,-2.329597915554324,6,3
694,18.347999851175082,1.5814573603205595,-1.8060743499149705,6,3
709,20.60541322347044,0.6574179148195225,-3.789448599032343,6,3
717,25.081446643998206,1.2951573737755848,-0.5099019414370481,6,3
720,15.351343150453864,1.775917653693877,-3.168197843105505,6,3
722,19.81155678581819,0.907231267282478,-1.4064229451803096,6,3
725,18.94385937028754,1.7233482733117118,1.2561158635954994,6,3
732,21.503236399786925,0.7456112558571053,0.2963948158351932,6,3
736,22.330090779540388,2.418853483831271,1.2811987781383625,6,3
740,18.885596510310954,1.378946917244018,0.45613029525071125,6,3
746,20.686167886479673,1.80690490497497,-1.368082471259641,6,3
748,20.12629073952327,0.586306812453432,-1.8114977454484436,6,3
766,20.67805359516723,0.7905247819443655,1.506080424195333,6,3
767,20.894425747647887,1.1202506281768958,-2.7082220748908434,6,3
772,23.639192467855818,-0.7156195516602522,2.3970763188135336,6,3
775,22.25488595677305,0.9568205874489034,4.121395335165074,6,3
787,18.281762275553522,1.4297936110382161,-0.038110536455914,6,3
788,24.12323078825117,0.9399260733883485,0.2274293860918868,6,3
804,24.8139095032462,1.7162016683075936,2.2639510869932833,6,4
814,29.015565955148627,0.8297901082556906,-4.082865747781118,6,4
818,23.749466242724274,1.4643382330626582,-0.44724566799820176,6,4
825,30.906198286245115,1.2691542488747392,1.7966427778911878,6,4
826,25.620586592122212,0.42873568331023026,5.470888079525932,6,4
839,22.33685459356892,1.8654729583499932,4.578502512806471,6,4
846,26.30658435965429,-0.45352694323415327,0.6909241315534794,6,4
853,28.20326876637584,1.68298354621647,3.1247238062972698,6,4
857,25.577314731137182,-0.3491248873609563,0.709209402119101,6,4
858,26.17876780298505,0.37979234800711653,-0.18148281703411873,6,4
859,26.72976973811446,1.472900837692178,1.0184833337091197,6,4
860,26.57280661476899,1.6083000292049954,0.8687706818665527,6,4
861,22.570076878229973,1.2513410013824813,-4.680834126518901,6,4
863,27.17924949247774,0.8825990676100636,-1.8950134128304938,6,4
866,27.21619287973594,1.1212229526803341,-3.3857090276492476,6,4
883,27.157458691100125,2.8748308628609838,1.5933233646249287,6,4
885,24.55266527805152,1.555787117056541,2.6440675284058193,6,4
886,27.787663514517174,1.2648576658869322,1.1303693502601808,6,4
889,25.39942330761302,1.7870101569239778,1.4315372414631438,6,4
906,21.827774627677194,1.0959200551745818,2.113199152155225,6,4
913,25.731947695793497,0.9404511931588841,2.109350216076222,6,4
914,26.35011226028837,2.5023242092262477,0.478187199905565,6,4
916,29.562197522130724,0.5218115246030143,-1.0290494276895583,6,4
918,23.960183773878416,0.8311831912194484,-4.696338667557503,6,4
920,26.047304948306802,0.19226801026860096,-1.2147153413748808,6,4
921,21.141388975289104,1.8607988367059194,0.8784511583712017,6,4
939,20.24819418637272,1.8534299437984134,-0.5168307864654602,6,4
940,24.083616340833956,2.0061348249429445,1.5187133879578267,6,4
943,22.680175421920516,1.4884729127763583,-2.4938732000171058,6,4
956,28.00667593639608,1.5434484382771405,1.2363181005361414,6,4
958,25.213308793203957,2.74875238743234,-1.2390404441808192,6,4
960,25.110790538797072,1.0678209381545207,-0.1714471415933937,6,4
963,23.72415900828567,2.0659567262500524,-0.7207417992644275,6,4
970,26.681639066829717,2.3879457917954907,-2.209898152301456,6,4
974,27.282630759108834,1.2825844027412598,-0.037439081083987635,6,4
976,23.98759748584143,1.6136531279803417,1.9158447586832978,6,4
981,26.962102154297547,1.654565099660854,-0.1897787983948247,6,4
989,21.211951808090014,-0.21335727363066143,-0.5804221000073623,6,4
991,26.815380511096148,1.471869229756241,-3.1907741307727178,6,4
992,24.213367191774303,0.6578360315065078,-6.585793945394253,6,4
994,25.48628144956284,1.1477601533582011,1.0895548435449613,6,4
999,27.659029273946647,2.844517857287158,-3.227103437142338,6,4
