id,0,1,2,t
0,6.487433018623466,-1.0968142353756647,-17.41023121982583,1
1,8.307323943436131,0.12656304900722745,-6.648529939897003,1
3,4.923524358193927,-0.6896801018736217,4.372803675200221,1
6,3.67779702600227,0.27303759966945473,1.5026592317721217,1
12,6.885472826815564,-1.5957886194199928,-3.6889622256009256,1
17,8.752318280314938,2.0576912362898216,6.390052127614825,1
18,5.989639115564316,-2.2745046683971593,-0.06295913952085193,1
21,1.3646142858088304,-1.6035245811304972,-1.8759217973607825,1
29,1.4362760927089329,-0.8159019991433042,3.277542748339253,1
32,5.6901355602691295,-1.1352287184215306,-5.634054174015077,1
35,0.8456315375581482,0.577037507750978,-10.365733927642575,1
38,4.514004241352739,0.8712109848392723,3.0021388361263224,1
40,4.366687435592155,-1.3432100582227882,4.971383429087208,1
43,3.7196307036105485,-0.009114065459667654,6.740560361374235,1
47,7.062351346091457,-1.0107339711489205,1.4377108924879292,1
52,5.2416390474037815,-0.8398402285892018,-3.260830308686056,1
60,5.865174797931648,0.10773636287051562,-0.17095291651503028,1
62,5.864276377270437,-0.48691205482256633,-7.757448640608827,1
84,6.749897350969776,0.1464845878054802,7.10281395991684,1
89,2.28775439717062,-0.46869809833389303,2.7841129240545404,1
95,5.175889138549212,0.697006574534427,-8.005213422455197,1
98,3.661977130007255,1.0840745936232519,8.585181377996964,1
100,5.308346900209051,-2.2451093663965564,-2.418821746387573,1
103,3.3545174090215646,-0.17784218883413402,-14.616590671079278,1
104,3.856282371953445,0.9356799903179057,-16.132788830442415,1
114,8.32952817894164,0.7712790855333425,-9.120139048902542,1
116,3.47712182984992,0.3751743897454752,-14.12922351221778,1
121,3.4227138778170048,-1.3112211796106017,7.199693651997909,1
129,3.250549137736536,0.21982765393351905,-6.196947921466968,1
134,2.761575013015118,-1.9307309056563569,-1.605808033749983,1
139,7.0122984300546705,0.5346300423232543,8.13078164571323,1
140,7.412647770249534,-0.043134898816010965,-14.015291583828557,1
142,4.3665770493420135,1.4427219602778343,8.26182325386634,1
159,6.340036933296856,-0.035564997355353505,-12.403134473552573,1
163,6.5778325637310635,0.3417571013017608,-11.90531806143269,1
173,6.986878791249039,1.238016644910216,-1.7748471632747402,1
177,2.9444536851815712,0.3636966221831632,-0.7696988180768751,1
181,5.783969611809594,-1.0287394710832154,8.719289099771105,1
186,0.26322796903527745,1.5297176565061377,-5.765637010093781,1
190,6.383759039737685,-1.269513827204171,6.492826921514649,1
193,9.046842102914367,-0.2788919919927141,4.241045378417338,1
203,11.261060643856876,0.3698940412989021,-0.010207478226311007,1
205,5.077872651647801,-0.3218042618337425,-1.8636131930158963,1
209,11.074502141895854,0.7259660706287608,-4.037298302745594,1
217,2.9785007819650575,-0.6115209454648943,16.95115820189874,1
218,11.428517427938335,0.9839912588634173,-2.9137340469719297,1
221,12.284168138242539,0.5857109812083289,3.9550902429989154,1
223,13.167410752076757,-0.14536498827648633,2.0136603612078487,1
224,11.310124103663245,-0.18122692923609618,-5.557966497628885,1
231,10.64786481052879,-0.2541642562371489,9.964630809891165,1
236,15.185851042844334,-1.2450339916790207,6.075183897948669,1
242,10.942008546882985,-0.7079508724832602,0.5397004720976761,1
243,9.91283007842205,2.131482059870385,-3.8204576115502213,1
253,10.911694565850901,-0.24312220923980019,11.258510956741924,1
255,9.277192395409076,0.37086063587072315,7.691101018857388,1
264,7.5807799705622845,-0.7459624985166763,3.6589173392025085,1
265,6.948272712820363,0.4842969655851251,3.986236658838208,1
270,11.601293628635041,1.5708773502431481,3.641506532937544,1
277,11.30607479503286,1.198471736382375,10.067518874431952,1
283,10.527830111369623,0.988093354613327,10.212541924428283,1
288,12.434800158480854,0.5386120892643347,2.714191939872698,1
300,10.120674895882093,-1.3511682865644967,0.5881698273766742,1
303,7.6399562951971225,0.8117117413475832,-18.315010848406597,1
304,10.951113004188704,0.6275518097724968,-3.344502094413609,1
305,11.584451351530426,1.6576474496184164,-2.4648496699922298,1
310,12.743793243766465,-0.7249759617208384,-4.029422799227154,1
313,9.359020981314938,0.1924153655647897,11.653976144865222,1
321,8.939094425444123,0.8225213424654024,-2.2216516380043227,1
323,12.5363850439218,-1.8223262099609547,6.995623307415392,1
324,9.661365371409273,1.3990566220787521,-1.9716897568732683,1
335,9.072854147310718,0.500447030760605,3.977871258237263,1
341,6.973953974548655,-0.1267314034036336,2.156262881463451,1
343,8.553561375351338,2.1430500753576194,-1.376238998967164,1
344,13.363136131389778,-2.043239176673999,-7.972586738952629,1
345,7.268523072975242,-1.4366353589600662,0.7554711454326897,1
348,8.312495044436165,0.8356517274704959,-0.39302915085085255,1
360,11.323559666184813,0.26650449601482684,-4.613941678611988,1
362,13.686928824252146,0.36515314383520925,-2.719126597836373,1
378,10.610617962576164,1.6176063442055355,-3.9568756324244787,1
380,9.41126343465785,0.7683444040181557,9.961722452029392,1
381,11.072414664819508,0.266032213986833,1.3308839928249059,1
388,11.796496723181445,-0.9339724034144077,1.9546573369205886,1
392,12.729240946908643,0.7659180319711206,-3.2752080418325926,1
399,8.563482550805865,-0.6814692529629452,-9.118566296121072,1
408,15.376502912946334,-0.40725337718322163,9.576127869961512,1
413,21.293044329834274,-1.0502720836223476,-0.03636672703747468,1
416,12.900861886610814,-0.032917795917818224,-8.445420278443253,1
417,15.296390063062406,-2.307619487691696,7.818575242286349,1
423,17.687658805527338,2.007589606468715,3.1544149578047995,1
428,12.849587170504112,-2.1255171676599485,3.618540368608304,1
430,13.109432786862921,1.1463984113242618,1.8925464062000872,1
443,16.361537362087653,0.4512236373304327,3.3546122039490696,1
453,14.311673076173287,0.7102005036627395,-2.0563331304139414,1
454,15.245450070713428,-1.1535183104254803,2.150640985487731,1
463,13.435070966715784,-0.7898508072742129,3.138657577179822,1
466,20.989258452494248,-0.21588111984836159,13.54305668663127,1
468,14.701140553398348,-0.5389236770140625,7.262357695702073,1
470,14.864283488329486,0.6661376811783007,-1.7320035027323109,1
473,16.13295761190515,1.0151435605850503,-1.3121427384153455,1
474,14.159310239693935,-0.521613708694615,-3.502080927492741,1
479,13.779170914557184,0.5252059242281002,4.171677647099904,1
480,13.798184701750646,-0.479613057111769,7.9533772926723465,1
483,12.946446820354154,0.9293291164160067,7.719125786938384,1
491,17.189837541244728,0.3266618584329398,-3.936468709705954,1
493,14.818388994583822,-0.5314391716104928,-3.774418557817202,1
495,9.928127539783967,0.6396901311966203,3.555237474454296,1
496,16.489809223852905,0.31294259802176516,7.667117827392397,1
497,15.776050491170615,-1.00221520992348,2.051122192625238,1
502,18.293070932095496,0.28340470767831183,15.9195062000406,1
503,15.263370449510912,0.05855012370346972,0.020082574865147425,1
504,10.948212547683571,-1.0374364189739926,-5.9793941310029775,1
522,15.126444561026146,0.2232964275813732,6.883481504787173,1
526,15.33449414872389,-1.913531465974286,3.8098397994467192,1
530,18.662360495664625,-0.5562279025386786,2.787926594017328,1
533,9.967613375110844,-0.2249318911623574,17.273408820886104,1
534,19.72586481844494,-2.140397231494053,2.8297448100517006,1
535,15.58262081845647,0.5034556649663524,-12.782286734907448,1
537,15.399689113557223,1.3232184785199865,0.6201449094917633,1
538,16.982693179320254,-0.6401906922283752,-19.174092787305717,1
543,15.879776225388927,1.4831044920602021,-7.974799888371047,1
545,12.05999780579585,-0.02875397526090909,-4.100849374891358,1
550,16.85412682703578,0.5420786684745118,6.274524571891785,1
556,13.884888230368585,-1.0070673290130783,0.9073711125250837,1
569,18.507726702807133,0.42135298749483646,-2.2937370642444215,1
571,17.00064628461434,-0.5249823101601042,1.7030331730571397,1
576,16.205725372797342,0.20682329864746965,2.2046716120772736,1
578,15.944636043738093,0.13110643809242262,7.055245205040552,1
580,10.440874864034782,-0.06614386617671268,3.774271346654484,1
581,14.654917002491077,-0.22738413063933105,2.945662257315569,1
589,16.942136673549527,-0.02131306257967076,-2.0397593603977566,1
591,14.772512619148474,-0.7798454444957024,-7.4048898331528195,1
604,17.923873120794624,-0.5217766453509006,5.817499120216367,1
607,16.449386892598824,-1.4897030938638873,4.768783138969957,1
618,16.467188649009184,1.1808471322452887,-4.878070285688518,1
631,20.380825471171125,0.29483428245349874,3.278567941086506,1
633,19.675502207882538,0.34998193565108066,5.537515080918492,1
637,19.305166506180928,-0.5634669919053079,-3.7567465095809363,1
651,19.320547622037495,1.9730492346443744,-6.458081581553593,1
659,21.99740955970051,1.4848872621145357,-6.473674372347533,1
663,21.243756280737546,2.1690797875341983,-12.864644559798597,1
669,18.515890146638412,-0.3997961829150432,-1.5065449212591158,1
678,22.84792448090749,-0.08935343145378194,-7.004343112643568,1
679,20.812936073603293,0.8582050227413973,18.230747039370318,1
683,17.285732164592627,-0.24266415055348708,-7.505719206436533,1
685,20.622474292665775,0.05189229582955116,-1.5009097207840407,1
687,18.682495219165514,1.416238452731816,13.163988691080558,1
694,19.689890698255223,-0.4254427454869464,6.032457159297132,1
707,22.22259863685327,-2.4872657919687247,-3.106553901353792,1
711,20.137064280834156,0.7469811746788247,-7.819849467836027,1
716,16.6192252372972,2.1063816155457857,0.9161549743145248,1
719,15.803446184024498,-0.27589919542660324,-0.7898376338489784,1
725,19.440671761393816,-0.33944458167281105,-1.369715527470593,1
740,17.995855851098934,0.8277893213626969,-1.2131416523897558,1
745,21.38858870346491,2.054281482425312,6.644810456932175,1
746,22.099012938789834,0.45870883479208113,11.020115566906886,1
749,18.770540433323998,0.6614284085365965,-1.487183659738634,1
764,20.210940473109112,-1.1962855596255022,0.07096987519914463,1
766,25.97624617813584,-2.568342869406076,7.374145803066947,1
770,15.41149546899917,0.4868930609816117,5.291983022366103,1
774,19.623026560219063,-1.4099950472896794,3.6862270826975707,1
779,20.27930167005919,-1.1786191427467207,-7.070277663576617,1
789,21.414930606824843,-0.7257491568878548,-5.480203613716169,1
791,20.258050470342052,-0.8014731931474309,5.738398903885548,1
798,22.378108012467614,-1.7930029573755886,-13.64340726864767,1
802,23.92151825874121,-1.5621976827279114,12.19750504596929,1
805,28.808056931786144,0.1710561755438407,8.943559581306289,1
807,20.37815865789287,-0.5244899989853011,4.736260449971596,1
808,26.615079377209966,-1.1144821826515114,-0.35164209165555377,1
813,27.241751674147473,0.09513214968815696,-4.952882948891889,1
819,29.566864176658456,0.048403782390247646,1.7856691869648171,1
820,22.760541000873296,0.38091323858522663,5.616573239771211,1
821,23.763902616667142,0.0007238169444663108,-9.704940602059517,1
822,24.227535218927223,0.09363841356404906,0.8199279950775133,1
827,24.0888472823582,1.3172519661926854,-0.7480771813317763,1
828,22.60422604233288,-0.04400731814218027,-1.7605819213686813,1
829,27.588975506366452,1.7026462032739862,-0.41498810185273716,1
835,21.82861277738456,-1.7067353222224078,1.394483076740397,1
838,24.66877593743975,-1.2652609271886914,9.261103355399337,1
841,25.16602562734378,0.4204065077449259,4.797880311742556,1
842,23.41459348441852,0.7158827858516417,-2.1286834698268167,1
843,24.39115938061077,-0.0951089514678316,-1.4834186686431814,1
847,21.121169315157367,-1.7017635876979984,1.8082165801234513,1
850,28.104326376862748,-0.47771016629895546,3.4895519824048735,1
852,27.97489053593977,1.455545975048483,-7.350744419893532,1
856,22.070974519264997,-0.09145368989289034,-5.7702054225802595,1
861,25.966747896679998,1.2463977984850667,1.405491267624964,1
864,27.3314108275862,-0.22231752654244097,2.600245749468483,1
869,26.775104096744798,-1.3079159950458312,6.813743269837221,1
873,21.562878456021455,-1.593107526111587,7.367199316623539,1
876,23.972391566897095,0.2680543083492643,7.764268143873621,1
880,24.134971257367173,0.4212855567728025,-2.651695334007201,1
883,26.669128588941895,0.5277201871701082,-3.610546925439133,1
890,25.479600132526503,-1.302230631708304,6.154299605139402,1
896,22.90118672927603,-1.1389010533126338,2.238802679781906,1
905,21.33622262940495,-0.09790986460294951,0.7094360437589275,1
910,24.97089234156865,1.7208697779970878,-6.187597458325077,1
911,28.47417600375082,0.6269234975457174,2.4743159060482975,1
924,26.779060143568547,0.37083098952528176,-2.703091230857125,1
926,21.646255800526692,0.12763378485228835,8.890022042152244,1
927,25.18552246287087,3.025067755560701,7.303236768579495,1
928,25.278936309851368,-0.3728278941236204,0.8129812762305391,1
931,21.922404356649064,1.386986093965885,2.4472485255352945,1
932,22.882883057492336,2.103633592758726,-4.800683841085242,1
936,28.507769641146446,-1.2654393203776446,7.283781784160615,1
946,24.29731892881617,0.7085845360975114,-1.0418184343351253,1
949,23.78064873815478,-0.4026103780216797,8.177264324074509,1
951,20.747646710258003,0.2230819003769314,3.5112167655096873,1
952,25.49615988243781,-0.4879115470053428,0.4793549787309021,1
956,23.456674225189627,0.5968164122027957,-4.854406537533328,1
964,24.967569185437316,0.7072608127965606,-0.9502002260747012,1
965,25.78680074908613,-1.6269090899979992,-2.069084726408646,1
968,28.47778193388593,-1.6432265980970568,-20.750469954060225,1
972,26.73933425029054,0.35672698275745246,-10.40143540829152,1
981,22.62349308681181,0.37970601237268986,15.636650862983958,1
983,26.13622646667701,-0.9105019745240902,-1.882130925558903,1
984,22.28938952665953,-0.974973391222202,6.262379892935446,1
992,21.153385616432367,0.19071749409164793,3.9322768101682364,1
996,24.988923522228376,0.5237422216792188,5.560128875837143,1
998,24.45140204642891,-0.40686048978510364,-1.9184056607218805,1
999,26.492853233036787,-0.243138477081363,3.2431289189594796,1
0,6.670397503865576,-1.0914370534995763,-16.9790263803102,2
1,8.422736978610574,0.22834286206460644,-7.121758025813628,2
3,4.827662439251703,-0.3794438727968765,4.5363521950384875,2
6,3.2281191946910064,0.4232577671164956,1.96068726796848,2
12,7.317387193823781,-1.1006016561274445,-3.6193675929760096,2
17,8.941291309649388,2.223376236898961,6.668112575698068,2
18,6.321761028531531,-2.1419326839131028,-0.3482070506380784,2
21,1.7081794854956895,-1.5287193900027727,-1.5122661599326488,2
29,1.4883145631127397,-0.3915311894885214,3.057139789875455,2
32,5.605890412921137,-0.8320579634536212,-5.299780802160381,2
35,0.856259135219887,0.8934992238256634,-10.603103769242919,2
38,4.9194258091444025,0.9921791267945497,3.2844559456219997,2
40,4.078518456140485,-1.0059633067610116,4.742537251114122,2
43,3.5300343217157555,0.268392224627892,6.561182151925957,2
47,6.60994078826696,-0.8396592345438486,1.1805808522131676,2
52,5.21114425013679,-0.5284129012771037,-3.4545287114286194,2
60,6.242080231688019,0.2700878110355535,0.004051126082226381,2
62,6.194061472453011,-0.18861194297371264,-8.050160822801187,2
84,6.322015775842381,0.2730549836544508,7.138241665800748,2
89,2.442118014739834,-0.3238753918334146,2.577023016503027,2
95,5.433846313221114,1.188149775620853,-7.981260968632837,2
98,3.7805900469105467,1.1495211946893362,8.133958865632268,2
100,5.17037655718169,-1.7872580561048157,-2.300344469102045,2
103,3.5131984711620006,0.07025554588779445,-14.93901689252593,2
104,3.962113983316537,1.0995187956635064,-15.861246517162854,2
114,8.353071182180324,0.9806783259384256,-8.751579086595568,2
116,3.7690771497609252,0.7292331846724518,-14.606741610233128,2
121,3.1244334506351463,-1.2318027520389605,7.6933374472022,2
129,3.707604383651104,0.5196364336563337,-6.13771632883314,2
134,2.870885687567782,-1.7388728569096266,-1.4515690356892637,2
139,7.328257920523419,0.7155021315960398,7.950521461561712,2
140,7.040872278030877,0.2886300685790201,-13.61935253528024,2
142,4.349015996598211,1.9312350610902074,8.608935728141553,2
159,5.912546712952139,0.3768424572337408,-12.830002735770325,2
163,6.871160068479381,0.5534393595479958,-12.14746117624649,2
173,7.36569120193189,1.384506515058343,-1.8615464470273186,2
177,3.3481769497487326,0.5368763696725307,-0.605861604525656,2
181,6.143322993566981,-0.7308537680797322,8.25188825452326,2
186,0.1000664352798668,1.6197600670176266,-5.376477392311066,2
190,6.610253729275624,-0.7968907391107183,6.5174816872473365,2
193,8.817331328827125,-0.20239986998982845,4.089845798462748,2
203,11.758255306771959,0.7451335451489941,0.4848794707103595,2
205,4.596777174814847,0.09705957926190861,-1.4428962984191565,2
209,11.253156011495172,5.087262714138911,-4.534244671813403,2
217,3.067480046304536,-0.20065044361927142,17.116398295861075,2
218,11.659855016648281,1.0295286803311527,-3.2912931263413716,2
221,12.570805838555836,0.8401450052881421,3.614095457488847,2
223,12.860509790278451,0.16042371087366666,1.7657477735755314,2
224,10.905962668159368,0.2816732952913044,-5.512204897341983,2
231,10.876256837041248,-0.12505525778282117,10.16161269433193,2
236,15.011366839722074,2.7353317883771906,5.740995833700022,2
242,10.916254484455672,-0.3646286192814505,0.7295495875670819,2
243,10.271201531068407,6.121125339167047,-3.929590108706929,2
253,11.137110432585853,0.0613671947090266,11.004743010577622,2
255,9.092859612193001,0.4462953640007714,7.669153667664545,2
264,7.46964216550953,-0.4463687548717307,3.6588250057694234,2
265,7.338481462516683,4.981221319452966,4.148554119963009,2
270,11.298412569791676,5.635322151097357,3.421029231790539,2
277,11.788429428770412,1.6540558436811774,9.583634741752821,2
283,10.928365947539637,1.4686210105907083,9.956863308681289,2
288,12.533571887486342,0.7704150559322154,2.2222734694969293,2
300,9.652313995595671,3.3737208948142134,0.24500068066345082,2
303,7.3560168140652795,1.1080445537735895,-18.133634579378345,2
304,11.367327958320994,0.96240674628878,-3.5663728990468897,2
305,11.497757217003683,1.6629037730445648,-2.7794725943229333,2
310,12.34466316109337,-0.7201161816374195,-3.916515409157597,2
313,9.54648273615496,0.29138464381170437,11.36881813603403,2
321,8.885121616047693,0.9240543221537392,-1.8217509609614062,2
323,12.247426010098648,-1.3756492900000201,7.205500991149725,2
324,9.523440711576672,1.4163397629344476,-1.6132186898170255,2
335,9.24915585691576,0.8082781278726121,3.8607260877992244,2
341,6.775913800856458,4.032813830314662,2.0624627245641927,2
343,8.990344319171717,2.6342360041035717,-1.8630935249685736,2
344,13.516827490180187,-1.8851752544869158,-8.403581158542028,2
345,7.131835432253541,-1.1529984213048814,0.6214062232719513,2
348,8.248952798604364,1.281840688144894,-0.043521740866192204,2
360,11.326290952628932,0.2733149554220456,-4.884943795809745,2
362,13.794821774193677,0.6617760928639793,-2.552350029654718,2
378,10.221281300331263,5.518021783404459,-3.549293850125494,2
380,9.335292921016563,1.0841728731708424,10.455135709568355,2
381,10.981734234335045,0.4197326306256225,1.5888293423488111,2
388,11.328359173815668,-0.7459794122684867,1.4684342691060253,2
392,12.72223051822075,1.0164070713937743,-2.9609939957446416,2
399,8.910669325702168,-0.3711100312563873,-8.629429056343495,2
408,15.672180329891573,-0.39421590626166053,9.568602929682791,2
413,21.3451543611094,-0.5962314392317865,-0.20878662929943148,2
416,12.96275206621621,0.22980586309189716,-8.319665438440659,2
417,14.923812219105468,-1.9229786867859056,7.33970092285233,2
423,17.225995612829074,2.0359732297874604,2.8237768579141154,2
428,12.421810969716722,-1.6418360121319902,3.1263493992520437,2
430,13.599548648887072,1.4631500748042219,2.118499129246901,2
443,16.15921836700804,0.5207245205842428,3.5114278111868606,2
453,13.994362393433908,0.9228799003724434,-2.527233771382553,2
454,14.962918772777249,-0.8423264137046073,1.917376906820376,2
463,13.6777577363553,-0.7848289386553257,2.7299436547089244,2
466,21.29335597896428,-0.06829549845616814,13.856475737210731,2
468,14.556795641865817,-0.05209317236507477,7.02458146768901,2
470,15.28377059238425,0.9236924144444001,-1.4932028524005072,2
473,16.6140409309229,1.152944276750519,-0.8372417065807213,2
474,14.55387636126126,-0.2961217045741209,-3.5300103046926243,2
479,13.887064515939537,0.8991064069738424,4.163724304209375,2
480,13.37152868925844,-0.07172067064852539,8.294627158448534,2
483,13.027464530608183,1.0661073480736127,8.058362606390133,2
491,17.63842705541678,0.44324343237022473,-4.25687747891945,2
493,15.104812994792352,-0.1348613517738836,-3.84229136521292,2
495,10.384359239814165,1.076183702372858,3.936844992907822,2
496,16.32399698669338,0.6975169709238864,7.619942034122567,2
497,16.22888877053881,-0.6831637868426581,2.530273729165134,2
502,18.421244213609796,0.3212287627036587,16.381725849219734,2
503,15.44609958857498,0.12021375472876215,-0.2536246170351244,2
504,10.768320695176932,-1.0324400716810116,-5.502881927699298,2
522,15.333180003946314,0.5609688488970688,6.984005456599657,2
526,15.069922736208255,-1.8963005375759763,3.821426119993618,2
530,19.11768144699236,-0.19627283304188375,2.2888126700608016,2
533,9.825285150324978,0.17652544024908962,17.285182231686612,2
534,19.556387128695643,-1.7848161208573818,2.556022666397907,2
535,16.00595649313947,0.642324483734608,-12.44886422645267,2
537,15.239173533955842,1.394875874456015,0.8781900465165976,2
538,17.299907292979068,-0.2828027254998665,-19.228743867789852,2
543,15.69476035700884,1.4974391178312676,-7.651576881425485,2
545,12.194567845947166,0.2411692982229526,-3.8752775909617228,2
550,16.364413288680485,0.7325665018536385,6.253190949372946,2
556,13.94033904246653,-1.001615745352549,0.8417370526337822,2
569,18.36288697276502,0.6181795698588736,-2.674651624511937,2
571,17.411971090530386,-0.17079058406167152,1.3417077297910889,2
576,16.586695473339855,0.4886331064150562,2.474819646006402,2
578,16.12870334769518,0.14137372028124218,7.046326136930761,2
580,10.315524894840864,0.3734553684490567,4.160264618886691,2
581,14.990996964388154,-0.08883986624631279,3.1089299430378854,2
589,16.505395321728308,0.42048278579638704,-2.2369728964957725,2
591,14.811865455787538,-0.42495646154722416,-7.451222718051414,2
604,18.409945396723415,-0.4703483423094156,6.030858186491955,2
607,15.955639087764771,-1.3942330442619146,4.854910149866232,2
618,16.813114359463917,1.5036760180845534,-4.452827194965321,2
631,20.47442815831257,0.5773490077071917,2.8537155868228257,2
633,19.8072129831052,0.8062783898421132,5.3627513750754146,2
637,19.798764170156634,-0.22346439697952308,-3.7553120426197126,2
651,19.160387577840027,2.32348022384837,-6.227508156527339,2
659,21.66839747394397,1.4850660738374617,-6.957176358298287,2
663,20.796233915992254,2.5251853981369417,-13.179256836972367,2
669,18.05103020147999,0.00944070973034522,-1.443977689115622,2
678,23.06852578612722,0.39268373007677665,-6.718324147495982,2
679,20.867218436167853,1.3118609527318401,18.00288418240479,2
683,17.214130611653005,-0.20161687074171905,-7.2064568513458385,2
685,20.619433586040337,0.47991687677389566,-1.2749731984786896,2
687,18.892018005128897,1.5087785137013359,12.919070024410562,2
694,19.95501410284983,-0.01675466643515905,6.299605652168186,2
707,22.013080874321442,-2.1584733202919204,-3.3960103635502783,2
711,20.236720569385735,0.8782221297609901,-7.974489461808969,2
716,16.96586775699328,2.396102817083411,0.7285252036155474,2
719,15.423747909609396,-0.11969009823798221,-0.4958315074802835,2
725,19.678598084229677,0.12460897028841306,-1.8116567610086498,2
740,17.724156409864523,1.171951068900397,-1.692303790385993,2
745,21.260466765409916,2.4277331232008765,6.911881106927524,2
746,22.590034037670033,0.6572430744992552,10.735712020814594,2
749,19.15932049576664,0.9221342186104217,-1.0227042936570188,2
764,20.119324055270543,-0.8666868419314566,0.4772692259629845,2
766,26.469148912950704,-2.488479925142183,7.503028963046089,2
770,15.368830479442444,0.8335638199359807,5.278169532977352,2
774,19.898941633539604,-0.9889204359447412,4.094249255753883,2
779,20.62593213647249,-1.1056017927639905,-6.581201365317766,2
789,21.65916326419929,-0.45536014656766177,-5.950469446795912,2
791,20.146272385544822,-0.4089057661500165,5.887031448705574,2
798,22.44424237105912,-1.699378358779529,-14.063158955767374,2
802,23.70703815191579,-1.303641465629568,12.380935287198682,2
805,28.704294514715322,4.338994428017151,8.821715212748465,2
807,20.386915220412817,-0.26374693141910427,5.125082563868087,2
808,26.278815950530955,-0.9705121177379772,-0.08419748609970273,2
813,27.652210742872555,0.25943531428718686,-4.635315743873549,2
819,29.64973093512024,0.5215918372662257,2.148597370268207,2
820,22.97896300344116,0.6928729167029419,5.479728252700198,2
821,24.083782128534274,0.04490671830188579,-9.64459586305258,2
822,23.761594668338553,4.5865092721709795,0.6788368039911463,2
827,24.039544702918853,1.6834307021989092,-0.326657192181639,2
828,22.609608104892022,-0.041104503645188625,-2.0562260109066504,2
829,27.600987274752118,2.0886717873289213,-0.0030989228437859895,2
835,21.86237349136728,-1.571069569567821,1.112851748856415,2
838,24.714552050763228,-1.0978196990145281,9.003245529826332,2
841,25.06497919255575,0.7553494599083217,4.581100656167213,2
842,23.61690847645842,1.09235307635414,-2.023481316273779,2
843,24.003252458581855,0.3435113707529312,-1.876442195251629,2
847,21.512057027418663,-1.5225936353450416,1.737340753388613,2
850,27.612194606876855,-0.2070656390781605,3.2774348256655648,2
852,27.503340029489934,1.4941120697089874,-7.159381085136614,2
856,22.393946822584216,0.37727181382929714,-5.68551064554398,2
861,26.425058622033127,1.6269042313442625,1.6191142668065666,2
864,27.26300691924249,0.2430671948501536,3.061201112331039,2
869,26.381177482419876,-1.2013385408261648,7.152986702203325,2
873,21.50909668965717,3.1255142465677794,7.491261637962814,2
876,24.279770618686914,0.6565331804076775,7.331908589683731,2
880,23.77874911107274,0.8689024739157702,-3.092633200087028,2
883,26.606769655528275,4.728192179148342,-4.0459183524979,2
890,25.314487592914542,-1.275980834546806,6.592128903768609,2
896,22.609878112303516,-0.6968635300395507,2.572239528275114,2
905,21.187080976248808,0.11347828689188902,0.8857437079780232,2
910,24.48361986563312,2.0721314502038433,-6.574055654998746,2
911,28.30555528253549,0.7161863323748902,2.938039911278539,2
924,26.581671609659207,5.12785406804518,-2.680209153426279,2
926,21.752881350669412,0.3839804689630786,9.283478971697505,2
927,24.862861906833206,3.2330309533477433,7.094107833451049,2
928,24.939677250786822,4.04031699287503,1.1625727386092564,2
931,22.20149208866532,1.7403000392738874,2.9385416179018047,2
932,22.913779764057068,2.1484174857359197,-4.736414620883493,2
936,28.870500154007665,-1.147004532505313,7.237075934824248,2
946,24.587268353752314,0.914103720262212,-1.2493639937551229,2
949,24.028335785656445,-0.3103150770229091,7.770043958743096,2
951,21.06795449399609,0.3594854424319375,3.4817205974247867,2
952,25.87095993534967,-0.014103899841224454,0.293788348582335,2
956,23.55726918926279,0.9699774357043076,-5.030302733300721,2
964,24.789061503442028,1.157469026689917,-0.7813899905942129,2
965,25.594847899037944,-1.2138241774193728,-2.158143682121109,2
968,28.025224845254616,-1.3749228076641136,-20.41664003204925,2
972,27.201238121365922,0.6043897335547339,-10.841215067131099,2
981,22.767441034115272,0.5396688126847459,15.535615478773595,2
983,26.55730564929011,-0.6701372388130082,-1.8566632412368897,2
984,22.166121579532618,-0.8075032371836625,5.971830973847101,2
992,20.858212320455326,0.6672716326604327,4.257092624167669,2
996,25.115052049549906,0.8523076848530331,5.385864597746574,2
998,24.26353663915844,-0.0758047116597187,-2.0398106086459173,2
999,26.251303052898983,0.20665266111732222,2.820530691566595,2
0,6.961670479308728,-0.7833493090938074,-16.75609142733656,3
1,8.265252142305311,0.6311731545759732,-7.326128895268491,3
3,4.878887202816166,-0.12105797408907626,4.860635807880313,3
6,3.512214416920907,0.7872761795091363,2.0539972614067445,3
12,7.652958568254967,-0.9307497896281103,-3.4236392048880764,3
17,9.0898244909836,2.344765017020757,7.092833704840169,3
18,6.462079212649172,-1.957347647022259,-0.7057938536117185,3
21,1.7386954086866697,-1.3044453974429713,-1.9547897260918692,3
29,1.0545973865809004,-0.08100061617711718,2.8859513828468164,3
32,5.5038498273697565,-0.6233204283630678,-5.5701367493955205,3
35,1.0803437714460276,0.9523468632230314,-10.524166517401445,3
38,4.573402383051929,1.1831569765363732,3.339910134227575,3
40,3.9060102337188822,-0.7524903691185727,4.887300393123361,3
43,3.848508692890676,0.5336113558592736,6.9121306459650835,3
47,6.374055470842368,-0.6400831900702393,0.9618380145897306,3
52,5.132712691516273,-0.47633175275672407,-3.309340434141843,3
60,6.4859489888772295,0.40318635500336025,-0.13454973881748508,3
62,5.707305094883525,0.17878216106518052,-7.858129463097326,3
84,5.950043532889285,0.3474995489661169,6.996769980021453,3
89,2.420368799904561,-0.1515317747006128,2.4612113924840013,3
95,5.347455108540807,1.63745547439436,-8.080953034838608,3
98,3.7197341612684856,1.4451246367686028,8.152683377242552,3
100,5.060724664960042,-1.4866708851765402,-2.3171589673647706,3
103,3.9884666717527795,0.346401710846137,-15.333744772098553,3
104,3.6086330320068427,1.3580449617308925,-15.765999394212146,3
114,8.343465196243521,1.335836725006124,-9.080068259689751,3
116,3.8697675082934513,1.0148982590293572,-14.17254773259186,3
121,3.2714009324377775,-1.2236806935339364,8.020177665278254,3
129,3.9809357867640993,0.6588186903474258,-5.902110682114256,3
134,2.4896105140707565,-1.7205572520421593,-1.831144567272052,3
139,7.202843150830624,0.7192569691322843,8.31480377577689,3
140,7.51506639086686,0.7299551282566238,-14.041638825110992,3
142,4.330335036601155,1.9377855552028593,8.858434079931031,3
159,5.747264973914527,0.6725557012432882,-13.100529613796374,3
163,7.315675383148002,0.7877510805137936,-12.620144728050052,3
173,7.73629462856249,1.5226227501143805,-1.6748134444106177,3
177,3.454764203028624,0.5511916185393901,-0.8647631182189554,3
181,5.670378120072272,-0.49502112007278043,7.804653950785765,3
186,-0.11123020126945149,1.6800545730016894,-5.552206302475903,3
190,6.83057813064447,-0.7958981410676333,6.35892432605586,3
193,8.563675209773422,0.11277626109612449,4.142032324582083,3
203,11.577025899739336,1.041216378892784,0.41499114894745776,3
205,4.1991472049468745,0.28046492524511646,-1.5314654314169944,3
209,11.67415007875895,5.3130211049433695,-4.802989692381748,3
217,3.4683810119398837,-0.164350696931791,17.094684364837203,3
218,11.18130762651995,1.0605584682761904,-3.2549606433689213,3
221,12.796449443578156,1.2367801759134984,3.1889316627387942,3
223,9.274656113212886,4.4535229095533335,1.420062308315786,3
224,10.80015347437033,0.6133384668227533,-5.796710634903443,3
231,7.3985291547441205,4.21553091643282,10.358186527563257,3
236,15.014178941636835,2.9565842327510925,5.942058219076306,3
242,7.358541221700143,4.096587205528003,0.4757098937188693,3
243,10.75013110127058,6.131997887074061,-4.029269732171819,3
253,11.178313163829445,0.40168232989531216,10.69559571670456,3
255,9.226050068649187,0.4993384147692454,7.639264593313962,3
264,7.814252627416892,-0.31089205719358914,3.7209393343160757,3
265,6.957272497869655,5.372456547762893,4.624308735181095,3
270,11.114028349197495,5.8266289348664575,3.681445626491225,3
277,12.232099002596668,2.1482805620058514,9.481786564669246,3
283,11.340565405640007,1.7709432913346135,9.996498871502641,3
288,12.111032585634275,1.0094921251232511,1.9476782940305015,3
300,9.790100091523037,3.8085186395953907,0.09275409842280047,3
303,6.860908862206315,1.307091373271611,-18.48146066265865,3
304,11.690154828717057,1.0484648806856538,-3.105856813381871,3
305,11.087339441939681,1.9224053445695082,-2.637716134245384,3
310,11.86135707792958,-0.6255653228879475,-3.796120937300498,3
313,9.631959214589466,0.35148390545260616,11.242100247901842,3
321,9.30791615976601,1.406820547814466,-1.6099087373835286,3
323,11.841146134883935,-1.2645648392683955,7.527647022157231,3
324,9.72790511368491,1.74405592991521,-1.7943135379711388,3
335,8.961694578852837,1.1099332004148943,3.483729421509871,3
341,7.1826919103977085,4.083333865816456,1.6173931622044833,3
343,9.057746942772761,2.8597734737127323,-1.5894863140699447,3
344,9.694153128379142,2.6365501764326233,-8.76189736681939,3
345,7.4449442634290595,-0.7373611663068231,0.6150545954546763,3
348,8.609654877046234,1.7803600800560266,0.12727951690413297,3
360,11.789741590010056,0.5353641245382093,-4.966739012593075,3
362,10.500277291650061,4.920084684545231,-2.568064520782521,3
378,10.503165763871126,5.579759705839796,-3.6449419111295946,3
380,9.402454712001925,1.537508393906034,10.088317306964695,3
381,11.470303614441015,0.7891523725825929,2.0223526569675574,3
388,11.393607858844522,-0.3347464974775544,1.2747485411015758,3
392,12.313243063713507,1.4736414372247681,-2.625402402736317,3
399,9.012828621484324,-0.16448092968764993,-8.491661905588284,3
408,15.752070302311472,-0.06073709209774081,10.054219756792634,3
413,21.844839608803113,-0.42233424181864637,-0.6158015343719214,3
416,12.749371968728761,0.5235155972695613,-8.199745219410364,3
417,14.920376629141726,-1.4302230169132508,7.11412429632959,3
423,17.565526760259196,2.245084223015565,3.254553661269996,3
428,12.692609930507206,-1.6056728506081308,3.5363161968539822,3
430,13.534924606106074,1.6035217987145705,1.82631352331923,3
443,15.745080857081794,0.9486164065714531,3.1272888454431986,3
453,13.730109386546548,0.9681398555751641,-2.1457076334807264,3
454,14.785162601735363,-0.7640628633557467,2.0352087829095273,3
463,13.22693740878683,-0.38577642583419136,3.0730085112063947,3
466,21.5532442161455,0.2314721706053726,13.687516714362316,3
468,14.536013352904867,0.3262124872300623,7.309760026908868,3
470,15.15088404030911,1.3489334903281867,-1.6208969031308418,3
473,16.66612034944619,1.3098052870211654,-0.8565152355785165,3
474,14.885194253242762,-0.26860106065294687,-3.574343344221289,3
479,13.779077791708792,1.2330899784448834,4.068117915082728,3
480,12.900120834517143,0.08961487451914885,8.58609484160597,3
483,13.258474665834317,1.07902820957118,7.951312010982323,3
491,17.509360838244255,0.7662675146324655,-4.273970646556625,3
493,14.954776672294631,-0.1297026300973198,-3.6904567337296275,3
495,10.859322146094012,1.35246581986485,3.5355126238794083,3
496,15.873353861723384,1.1730486686062258,7.2288866234960425,3
497,15.736327084987295,-0.6047442091641697,2.0511628381457556,3
502,18.44475623388937,0.43292461892200046,16.332678512395137,3
503,15.31467026021004,0.4383981624183856,0.14887937067383017,3
504,10.48526277142453,-0.5353694554459834,-5.2516794467040455,3
522,15.230873008564544,0.5934872070351302,7.329800993758966,3
526,15.442678634994587,-1.5252902681635332,3.570840108395005,3
530,19.486029882238014,-0.1509976738963062,1.9521449469326049,3
533,9.837567470766311,0.5236542386448286,16.952077017461377,3
534,19.126005607223114,-1.556062483394502,2.717480449897596,3
535,16.363597216166756,0.6779841008722184,-12.440935713446512,3
537,15.5760138600034,1.8298376815518824,0.4859767240822078,3
538,17.09088762910653,-0.20828968937635167,-18.983276532498497,3
543,16.00437092486963,1.9232398237470272,-7.85700744780857,3
545,12.205664040812696,0.2766392940951605,-3.739912755779733,3
550,16.7929407781296,0.8395569345060754,5.94019192548537,3
556,13.829418982753033,-0.5234924181171039,0.6120075959183741,3
569,18.147378854879413,1.007722283423472,-2.806320620108994,3
571,17.179865193886382,0.3206074315327722,1.2716264022293475,3
576,16.81833689217239,0.522663870476296,2.183531138270994,3
578,15.748911839459167,0.14421246728092346,6.880670318913131,3
580,10.789057559571942,0.7820718555708784,4.209465009489437,3
581,15.398221209931231,-0.0042812085816363865,2.780459521475704,3
589,16.649936468114024,0.7476746742609603,-1.757506469623511,3
591,14.498675863146309,0.030142343503937685,-7.787272864795874,3
604,17.94484916624976,-0.16897621609827723,6.266888857463921,3
607,15.723435855766043,-0.9751850410912652,4.6063930904232855,3
618,16.647859468057433,1.5816637644535754,-4.562827280239761,3
631,20.8472588639221,0.8530874233398678,2.9485862170307957,3
633,19.945996696701886,0.9419972817012536,4.9694108141991995,3
637,20.195492838118316,-0.18465362743765829,-4.248952998970562,3
651,18.843332833854824,2.3950633322050257,-6.139811383760549,3
659,21.99944709341226,1.6174940733432093,-6.99508218547779,3
663,20.60599260613143,2.694913587794516,-12.97711021052506,3
669,18.34932597816458,0.20189224897000718,-1.1583460814907411,3
678,22.97147320655256,0.8789115683354443,-6.8632157281786155,3
679,20.465833984478436,1.620474207729052,17.65029097119432,3
683,17.04176960200298,0.16387338929812603,-6.829241022955612,3
685,20.682609197068075,0.6136265055873598,-1.1023586148405946,3
687,19.033664076583666,1.9543057357714262,12.535425458829188,3
694,19.946962820060648,0.27674224289909616,6.690789701249805,3
707,22.120454561875235,-1.70993210376636,-3.267137852113062,3
711,19.859407293927386,1.0623938561826713,-8.451267509061847,3
716,16.65226764995037,2.678037215803198,0.32172479263575604,3
719,15.483074374647495,0.2759640395875033,-0.6823218909143812,3
725,19.842050088707,0.6199950134989878,-1.7245494089129365,3
740,18.084998091239832,1.5592423012915946,-1.959575999269811,3
745,21.40441838457812,2.719372676430811,6.640764629075625,3
746,23.08830212621016,0.7965036593623439,10.884348122621898,3
749,19.191932115675137,1.267906806932729,-1.0386375259964962,3
764,20.023503669985075,-0.6164705049137285,0.3882692557434744,3
766,26.896932405360946,-2.210541369025061,7.066661477969947,3
770,15.290499456663852,1.3163484414623432,5.14608037295549,3
774,19.583189047034264,-0.792041374093766,4.414106572733505,3
779,20.20550932373256,-0.9417331821471993,-7.019861922859522,3
789,21.94237621854344,-0.37065894000950567,-5.760233907635796,3
791,20.459482664548023,0.08532511411773791,6.19941748551526,3
798,22.359725791744182,-1.239483437504026,-14.513786408621002,3
802,23.653608095078315,-0.8345164417233076,12.366987172978748,3
805,28.32492976743603,4.720877876798627,8.621269556475008,3
807,25.36704437020656,4.096235157412572,4.965659736283056,3
808,26.53956783905172,-0.5625074536158905,0.17519814066442368,3
813,27.638072293891092,0.38694211387682514,-4.619198192363395,3
819,29.86104267316349,0.7559601623617425,1.6558445044969776,3
820,22.554495823576133,0.933946510142666,5.213307556748895,3
821,24.038767300749143,0.3816213836653493,-9.580656304663139,3
822,28.43805304624501,9.167572678966675,0.8964822373051813,3
827,23.9875418297443,2.016309064389927,-0.7702596069595079,3
828,23.104272779270822,0.32234077641099995,-1.805309961299776,3
829,27.792301440827135,2.4109498833537746,-0.020195444077803604,3
835,21.9831917763094,-1.2721461811603527,0.6493819467894891,3
838,29.012999251265867,3.070042701549613,8.676405502995273,3
841,25.243265539000166,1.0715559848500524,4.743744549408454,3
842,28.197933672693573,5.747243781986254,-2.037535588669253,3
843,24.051830742769248,0.4875106013149719,-1.4339169739241733,3
847,21.6655787485139,-1.382723826447455,2.1833696194897723,3
850,27.6737351215756,-0.18802086239748306,3.084980028532181,3
852,27.19993358035476,1.9465472228318779,-6.813894560239503,3
856,22.239012242148043,0.715336193188643,-5.378914515218026,3
861,26.821903088213077,1.6797847989873553,1.832069859452972,3
864,26.961552449272308,0.5282119507437995,2.8600550866672307,3
869,26.10072166788388,-0.7207112758611294,6.7100817854691055,3
873,21.51536534827834,3.210743219754292,7.746888007565195,3
876,23.88703183649176,1.1184598472901928,7.4621080511339315,3
880,23.688914358296714,1.0932142597895724,-2.874299890753683,3
883,26.27074608269075,4.987668328623036,-4.348867888588955,3
890,25.305543887532263,-0.9888554415882098,7.024209476959828,3
896,22.38938921825083,-0.414254528420951,2.199311670094997,3
905,25.99032514317117,3.952363368252413,1.1892134394173945,3
910,24.205253442568033,2.5541888065038245,-6.44124657540378,3
911,28.514796202941785,1.1787315260119415,3.0629340717189475,3
924,26.453398042127965,5.241636287977124,-2.8748240607132995,3
926,21.325499938587473,0.5259241630894114,8.786145232006183,3
927,24.462375434443995,3.4247688221409356,7.307670496635384,3
928,25.17473517499583,4.1414014961566386,1.3177317812724105,3
931,22.573131236669653,2.0014769520803384,2.482774111497298,3
932,23.337607831049446,2.304733631449883,-4.708657899475356,3
936,28.778200229131958,-1.0788890505068083,7.19179634254657,3
946,24.77525875058101,1.3191902723449689,-0.7837090879726513,3
949,23.701363403537993,0.18311585035176853,7.66381211550736,3
951,21.02789362878986,0.37350093579456717,3.845177283193486,3
952,25.85000565687003,0.04929530331185322,0.3137604013062903,3
956,23.477349539571815,1.3249386066691566,-5.040199943490842,3
964,25.041342569352793,1.534616745845767,-0.9383140788349182,3
965,30.466298080810443,3.2330616346966425,-2.2754519038486887,3
968,32.50720364995424,2.651871144498029,-20.113374833589997,3
972,27.4443816621547,0.6225530067638654,-10.781977898396919,3
981,22.676166893811924,0.9138240801199788,15.961642312155025,3
983,26.50524177768627,-0.4907512186805031,-1.5032385316344516,3
984,21.8419401313272,-0.31325357010633953,5.800770313581515,3
992,21.106322273801787,1.121200465663248,4.057352959948249,3
996,25.5027757886485,0.963449832035597,5.68508299032617,3
998,23.929305144202015,0.013942964930924007,-1.8706301980773257,3
999,26.656916443657426,0.29115022091535675,2.7653561307278856,3
0,7.161870192723153,-0.5255528216060905,-17.164612084240577,4
1,8.396173148647465,0.9745281836598163,-6.963318724205358,4
3,4.444318412545706,0.3494605307864877,5.291023972902144,4
6,3.4560284187476653,0.8984819041535187,1.9361685967663211,4
12,7.935529198062369,-0.6482597414404507,-3.5231555221201467,4
17,8.617017701764832,2.818394774842828,7.037572852534883,4
18,6.9257952115093255,-1.850179876568889,-0.35299641974229223,4
21,2.140889057619395,-0.981946701071702,-2.4029604606573667,4
29,1.4279376348187554,-0.04642246130768052,3.3746340042584304,4
32,5.121818705121657,-0.4594099007347635,-5.364139901225484,4
35,1.553316194590082,1.1262594300765794,-10.130495259391411,4
38,4.842744829369847,1.637591806689082,3.676035135067534,4
40,3.4628089022238977,-0.37614505362913586,4.527075902501813,4
43,3.93861271731318,1.0038342541816887,6.547964883622543,4
47,6.715914406990172,-0.1942917151728059,1.2667929821396884,4
52,5.394944071948492,-0.4761077642761319,-3.044952898393578,4
60,6.880732185164055,0.4682902012533815,-0.04431533766392534,4
62,5.464909344624059,0.627312329018759,-7.46536443903256,4
84,5.470710060486782,0.3719713550556186,7.449058544205627,4
89,2.8390598466918817,0.15141170768896312,2.409416643328587,4
95,5.020049774303579,1.8624997320546535,-8.020783848871465,4
98,3.5262355464814705,1.5450624988807227,8.194372225575167,4
100,4.969888308563177,-1.2251124812529253,-2.2136269585806607,4
103,4.283871783594636,0.5369340775458333,-14.883711224521345,4
104,3.818914625687153,1.7519119651605837,-15.857711412004903,4
114,8.626300899142604,1.5577385040407856,-9.117455696180162,4
116,3.9396337826420895,1.4081378232244413,-13.968144224501518,4
121,3.201902873554939,-0.9350227932766619,7.830886504682177,4
129,3.5579435559740196,1.087413589845272,-6.383886436141548,4
134,2.796467525836707,-1.5550077173209167,-1.5493483469526952,4
139,6.726237829677341,1.2010075075844209,8.756033141169182,4
140,7.367495310813129,0.7713380841500543,-13.67443729473066,4
142,4.149633019049666,2.2860567286972797,8.517581871367398,4
159,5.8887535018130155,0.9899080760102861,-13.461629532997858,4
163,6.861222260151603,1.0005655809709517,-12.76555892166326,4
173,7.357662115950125,1.5536243329761403,-1.7804850935570897,4
177,3.7164303076709677,0.646587622757749,-0.9841911549392579,4
181,5.630577143783576,-0.3701297810740224,7.388239475403734,4
186,-0.35851911457422647,1.937227573991808,-5.563914010260616,4
190,7.14635190039134,-0.7471573506563074,5.8726071946733445,4
193,8.488997204057599,0.28159106114894217,4.4907619826595795,4
203,11.759788291535349,1.3646667627892861,0.7506157346070721,4
205,4.656911435435181,0.30987261038344366,-1.5060212922179907,4
209,11.54533182527143,5.803736214012915,-4.304249415763567,4
217,-0.4807553722698006,4.400409254635647,17.488372223261457,4
218,11.58866011133297,1.409335278231212,-3.6413124942308013,4
221,9.263422054300918,5.716339604067941,3.3620503956274734,4
223,8.784168726926355,4.552007445249864,1.3839865814201224,4
224,10.874777967528496,0.7779280239303461,-5.951875648085273,4
231,7.262284918671285,4.7007196659114525,10.026556130801183,4
236,14.682710252844108,3.3956818318799806,5.567327826407297,4
242,7.161657094104598,4.584691711222945,0.04985502707811451,4
243,7.049478331889185,10.717855256876895,-4.266619765563603,4
253,11.6248393618792,0.8014165092567929,11.17290180684339,4
255,9.557449979251876,0.7380494987170243,8.117997719705441,4
264,8.231045153487067,0.019977388008791674,3.416976658122928,4
265,6.509591021281391,5.806874332462996,4.637632188133294,4
270,11.43155995446183,6.089939892326776,3.980976137370422,4
277,12.00477896199602,2.6129621626079103,9.072790636050616,4
283,11.568674310334282,1.8342703981935216,10.437441931250179,4
288,11.645787676565455,1.3745057939433567,1.8017564284460161,4
300,10.13260274590095,4.165825496534565,0.4866188775352105,4
303,3.080375003038281,6.078939379969777,-18.03100404497706,4
304,12.083620207278996,1.1560433790024807,-3.3431374629725275,4
305,10.894976347881924,2.420547102866494,-3.084102301647394,4
310,12.048003553287803,-0.4533699002841024,-4.263082960474029,4
313,6.627325612597289,4.530303603028888,11.641799451969163,4
321,9.360657296095702,1.5324233430699938,-1.9583780642473856,4
323,7.948584054669661,3.3243485566502446,7.8582710445718,4
324,6.142325023226826,5.563358675525581,-2.1047288084621676,4
335,5.80566836602137,5.663529219666872,3.6518717147889976,4
341,6.999158672538154,4.480207840251034,2.0490950447407172,4
343,9.39089986859677,2.917501060582092,-1.1817010838008235,4
344,10.026033904549301,2.716216754744432,-8.873324061062906,4
345,7.406512679984291,-0.5563577507173464,0.3829661591270048,4
348,4.883106637621175,5.836523225311601,0.30683294870662026,4
360,7.845428399519928,4.468827950210028,-4.765846727927186,4
362,10.594064743945303,5.2588264816312265,-2.2858168976000264,4
378,7.032674757582385,9.990211844428293,-4.097919196715893,4
380,9.65943329760392,1.9527115468548153,10.123171987451647,4
381,11.583010068441023,1.206022785476918,2.2617829467283816,4
388,11.759990306009406,0.15485529927431357,1.5393308437762523,4
392,12.22403131638492,1.6317727926296484,-2.4642027470463046,4
399,8.884532215129283,0.2971619717069283,-8.157932306869556,4
408,16.175634248487317,0.19849890863983582,9.67040242260781,4
413,22.180860584188704,-0.32966516210987257,-0.47247478257731357,4
416,13.120606396751587,0.9657991423641126,-8.53987787398433,4
417,15.124070868579516,-1.020609714704718,7.604170935567042,4
423,17.067304011416578,2.705173140808688,3.545448176077146,4
428,13.063277098638338,-1.306779487117398,3.2006110607901497,4
430,13.444505528619395,1.6629958029384555,1.702380558681523,4
443,15.73756430169458,1.3860202010839404,2.9264382335479726,4
453,13.358555611861947,1.385240699687668,-2.251279974490644,4
454,14.55845654079016,-0.5275857589229871,2.060205279374138,4
463,13.14035298611089,-0.32066366178189315,2.9312319259136053,4
466,21.538030079262924,0.5423428765966525,13.672057853411816,4
468,14.391697036749344,0.39876957407835556,7.659057985531765,4
470,15.027254380622205,1.6785565003894827,-1.8427617765732776,4
473,16.273413800467857,1.4925723482141602,-0.7719235917880244,4
474,15.065722657780475,-0.25045504283665204,-3.8060789109128517,4
479,14.229022039169394,1.4741813036513378,4.477388187717178,4
480,12.700661179146937,0.12299788285881841,8.501050642476116,4
483,13.744699095545545,1.3277841144386526,7.48205694510882,4
491,17.98155893503428,1.0455022809001677,-4.520787261091412,4
493,15.389575340662297,0.015775982343968376,-4.011577538141266,4
495,10.700366657840988,1.6465653017529691,3.838347665659146,4
496,15.498361985228883,1.4822724128279683,7.608876335664064,4
497,15.620461904194906,-0.5403533282574715,2.243175459721492,4
502,18.364367421356985,0.5184566807851452,15.907995167804474,4
503,15.466957200759163,0.7216663089814239,0.17029043651160258,4
504,10.662474307459213,-0.23697209789895718,-5.418879838320016,4
522,14.95375613484855,1.0484476353157612,7.298592679658184,4
526,14.947123309839139,-1.3945751305627638,3.732513381231986,4
530,19.05560930311189,0.342923380287357,1.9215028345815288,4
533,10.063783566591317,0.8957999795564612,17.022937221794137,4
534,18.825175192252022,-1.121253920311088,2.539041014357029,4
535,16.1223937447833,0.8520962089013984,-12.32441732821457,4
537,16.045503345138265,1.856555803336675,0.7643939637464761,4
538,17.099977270623885,-0.009762273995111148,-19.183029337473116,4
543,16.34217159591538,2.2140439950820854,-7.842019095098225,4
545,12.298672246414458,0.5404591225066402,-3.431185184787892,4
550,16.676933766082513,0.9501286174243035,5.787604706587521,4
556,13.674279843601646,-0.20911251582583745,0.7128090350000741,4
569,18.48792041014232,1.3998699720861656,-2.9301384772345225,4
571,17.121719842145954,0.7689102248255605,1.2299786653813438,4
576,17.205654831861693,0.8448465069730497,1.8553105268881742,4
578,16.08630301315602,0.6109834640272129,7.365276625834297,4
580,10.863913139567526,1.085350780979661,4.347234257768145,4
581,15.320745797445847,0.28719695728596556,2.433583418835245,4
589,16.958205349298286,1.17113996762685,-1.3031779761124873,4
591,14.647661272728174,0.5051194163869653,-8.229529825475556,4
604,18.291572487262385,0.1100889113567749,5.780312422013011,4
607,15.52616106094402,-0.9665010753698966,5.051838466195461,4
618,16.384793560701407,1.97417795130903,-4.370412523364995,4
631,20.9954552419313,1.2732316915393578,3.43816010824637,4
633,20.425009396805905,1.098613869764798,4.928640686436593,4
637,20.05486724678734,0.14107319099323123,-4.323420129660123,4
651,19.1569270276397,2.7630382438850702,-6.5206483710529985,4
659,21.605591752788357,1.8434804737457458,-7.157704610574035,4
663,20.726275048311354,3.0093434400327275,-12.622259590203527,4
669,18.27890963601449,0.4260443029770616,-1.4547190123132179,4
678,22.99819877521307,1.1407380159600549,-6.7733090545358365,4
679,20.444807768040985,1.681461023955252,17.287325921647533,4
683,17.39530938521633,0.3944433086936654,-6.61109771480487,4
685,20.861639690535114,0.9126069215968506,-1.5757520903421525,4
687,19.025749766907335,2.380870141276505,12.691929690752081,4
694,20.029810055446653,0.6297255031819561,6.214114777506409,4
707,21.65415945100137,-1.5987474060910756,-3.4747449810876994,4
711,19.68289405326427,1.2192175448147005,-8.723886010168105,4
716,16.956759839719144,2.988193486158996,0.7015039931157556,4
719,15.090211988989036,0.5414593130487959,-0.6926508261714693,4
725,20.113634433082314,1.0583285419824757,-2.1986419389966567,4
740,18.160090734125337,1.8029762721724056,-2.3002656234409335,4
745,21.655623570436724,2.8048473095531326,6.501495129637551,4
746,23.27127720844793,1.0084624076471722,11.258334819840703,4
749,19.525489437098784,1.6188160676513124,-0.6278413925645947,4
764,19.63986661364617,-0.26274446333798995,0.7010451106835653,4
766,27.30804179565104,-1.7428151643570327,6.67671211147537,4
770,15.673577229978653,1.435794841405264,5.196643675142279,4
774,19.778497249007728,-0.32148223995054287,3.9777503285183986,4
779,19.897783784606133,-0.8250137987451986,-6.578175398370627,4
789,22.12051004383225,-0.19613365575244512,-5.882351698619979,4
791,20.348926288259523,0.5398860565655983,5.750682697980934,4
798,22.02429877608568,-1.16470115188547,-14.525484849264394,4
802,23.335723358715445,-0.67669399373134,12.271988155340944,4
805,28.070629286481875,5.094780591934116,8.420616707028001,4
807,25.79743115047617,4.361542687885314,5.295384381284339,4
808,26.139521479308026,-0.110646235377651,-0.31824194816568946,4
813,32.03594532706925,4.333006040419965,-4.63547946025987,4
819,29.89534304134976,0.8144787588318819,2.0409034770482215,4
820,22.87243089968641,1.2427040950134094,4.948460798026916,4
821,23.66868467176245,0.44478660333652065,-9.231744849326406,4
822,28.824451883980448,9.170537961276166,1.053876511545106,4
827,24.1759986679338,2.3887964884738975,-1.1996393051866132,4
828,27.626189966122865,4.727390063019275,-1.9270462599440359,4
829,32.67564383155093,7.01991721133385,0.4512340988581196,4
835,21.876068035613482,-0.957841025441091,0.7345475031783466,4
838,34.00774364276945,7.4669638066013615,8.77894798055743,4
841,25.660694603081474,1.4058328370078457,4.263532689454678,4
842,27.98880949470912,5.990094052104842,-2.506669095105148,4
843,24.448069963222522,0.8875474689675933,-1.501648586878892,4
847,21.75571291874634,-1.0593362456934416,1.9061020431953422,4
850,27.194190917930687,-0.016564672941237923,2.585821934580083,4
852,27.6907469415161,2.1051281072133636,-6.7893106993478405,4
856,26.39523799319484,5.330640461608736,-5.542321033512998,4
861,27.04720460344692,1.7302882170888187,1.517321771596873,4
864,27.116667304612193,0.9316607204686638,2.4548156660437255,4
869,26.51271558378481,-0.7173288413891707,6.556294286596669,4
873,21.42445233331179,3.466031988936956,7.750702665121812,4
876,23.908416831679958,1.5255932832169166,7.821002127311674,4
880,23.759711920297704,1.2380738728047582,-2.8433960205007747,4
883,30.319817505584663,9.608098364348583,-4.097806747547595,4
890,29.981992201851536,3.358943832160482,7.00258758425254,4
896,22.63951603391858,-0.11202379005392471,2.4425820375704586,4
905,25.690002237689928,4.26130630917063,0.8561396652655144,4
910,24.38252741403975,2.8197722081408,-6.151699022649105,4
911,28.33993856817128,1.601481996969799,2.6035990025933815,4
924,26.709006567434688,5.414845905310082,-3.088701777691379,4
926,21.268693169792993,0.6361096970958204,8.520424792700203,4
927,24.644968017010676,3.871059049219511,7.173422099789497,4
928,25.090414543018074,4.627003355508872,1.0313653757315542,4
931,26.97862025493606,6.642130308602058,2.0985322626024048,4
932,23.00962338740445,2.535182144577053,-4.289023381212255,4
936,28.374809938028967,-0.7576686651072052,7.513987636363417,4
946,28.94059481339812,6.009183709121333,-1.1884368737766633,4
949,28.576637039381932,4.279038659066823,7.62429516780314,4
951,20.6738465564941,0.4053375550238175,3.638428686099937,4
952,26.093551023649344,0.50218391906262,0.6987034931514917,4
956,23.321618958184548,1.6872052506610922,-5.024351756439353,4
964,24.689572275041147,1.7610421882982341,-1.3593232770506611,4
965,30.42393514190818,3.5888600776375825,-2.2020986767725663,4
968,37.309775694951256,7.08497818972838,-20.31654580972026,4
972,27.180213651304747,0.6698056533107877,-11.232526498535119,4
981,23.036223588189323,1.3693601265862332,15.60881420794982,4
983,26.583656811392963,-0.24660111721760297,-1.020855198905341,4
984,26.02500161004183,3.8844371022282527,5.386964892924769,4
992,21.09445671255157,1.1248887950233242,4.12099513759378,4
996,25.283216381136352,1.3907743515745747,5.953466729270617,4
998,24.286483781956864,0.21655279900197094,-1.4099888521821073,4
999,26.312764764266436,0.5936206810297955,2.8884806497256923,4
0,7.185572905270815,-0.33995778482985817,-17.648978481999638,5
1,8.564564884280767,1.058509761696697,-6.661047539065448,5
3,4.144952774680799,0.5550773308613373,5.422592029172007,5
6,3.001377315460454,1.0919967398369912,1.803050516453494,5
12,8.042943173556614,-0.19635209548667493,-3.9593988878954205,5
17,8.547618404183575,3.1568662076713423,7.37792903089166,5
18,6.955531414473234,-1.8235298438308156,-0.40541254407633,5
21,2.4879249026830954,-0.5439583872213818,-2.322829545476136,5
29,1.7545162238726881,0.4439056878628405,3.5582714694382043,5
32,5.283988624461944,0.033787084465820905,-5.154595120871582,5
35,1.7447498071995051,1.509477095321579,-10.607556866544357,5
38,4.809985830885237,1.6502621229134973,3.6029232412657155,5
40,3.5112077908038373,0.04490741786523411,4.908594537570234,5
43,3.8823876306049705,1.186964398180106,6.5252057606647735,5
47,7.139935325952415,0.16165990964602756,1.0106099138597875,5
52,4.9498030835660245,-0.2893700446756978,-3.1035827425804063,5
60,6.879687434352798,0.7606046167984414,0.007917305536732006,5
62,5.640715381248913,1.061454209734487,-7.183931346389041,5
84,5.445173381503754,0.5642903586829273,7.169999570793644,5
89,2.7287556439862013,0.19254625588985053,2.506868239052018,5
95,5.251539238786822,2.0751433223558298,-8.263400119766159,5
98,3.934407568362939,1.9131694726473654,7.955194607181196,5
100,4.833516284780676,-1.0354103264328909,-2.4318129007529343,5
103,3.786996485539526,0.9683778809679136,-15.053513997739323,5
104,3.425968056480327,2.1297837394304575,-15.660210061200324,5
114,8.307638979459444,1.6420049070977705,-8.794913446195228,5
116,4.032819456292652,1.7469442518954859,-13.536389637830315,5
121,3.17910498523168,-0.6508858473663393,8.322710439760481,5
129,3.689322976104214,1.110293111217982,-6.277479920930696,5
134,2.6980053709385956,-1.4602810903749008,-1.9843243954599665,5
139,6.596670465039454,1.453889714840489,8.287654557766825,5
140,7.458392313488682,0.8903303648662317,-13.620101710826642,5
142,4.605233896528907,2.6204341423501516,8.134467238677262,5
159,6.2126586723964365,1.1338175541996924,-13.434770666023432,5
163,6.6979333344209255,1.4243765887931605,-12.751863179683768,5
173,7.423409174808819,1.716082972021008,-2.0018589954433046,5
177,3.341597541622139,1.1435255398459359,-0.5230284634837372,5
181,5.5707810262388415,0.11994058196807178,7.494405901934537,5
186,-0.7965174612653799,2.2584319900415886,-5.534296734909591,5
190,7.412142643758617,-0.7340401160399825,5.427450162841099,5
193,8.416470482464671,0.42093286530799645,4.191249758827899,5
203,8.628860223294321,5.710764443131431,0.4864622430860236,5
205,4.488245162980517,0.7863149066631644,-1.1492113611878811,5
209,7.785397460148522,9.974943138342626,-4.1256988836924195,5
217,-0.39713845662210623,4.643667634508954,17.90207994275933,5
218,8.407617266441456,5.355925191556552,-3.528638656818162,5
221,9.354199120627348,5.792123256059695,3.0849548514261347,5
223,9.243721889336857,4.665569782593155,1.404735987170814,5
224,10.893952740174393,1.0710452868372995,-5.603762659138138,5
231,7.348215985312902,4.801036553570642,9.55962023277981,5
236,14.590268089083661,3.573335162688661,5.795273517798181,5
242,7.504006609548563,4.943155426779484,0.19129447622762885,5
243,6.869535335048012,11.206817353510413,-4.361080232256907,5
253,11.394889049225377,0.8415606656565411,11.057292703698797,5
255,9.346968844250423,0.9130970392080611,8.569719460924265,5
264,8.230287034565096,0.3078243913773968,3.5694647751628827,5
265,6.381555805363524,5.856571446780271,4.513667061049794,5
270,11.591603561110965,6.250893789178109,3.88173995479958,5
277,11.709108673413366,2.897202366861399,8.67341463594796,5
283,11.484134784078405,2.0135140113086214,10.090424925139562,5
288,11.558267969165794,1.6801400222754492,2.041385509997153,5
300,10.625882415195619,4.507416738514051,0.08246852863002274,5
303,2.8768771835130877,6.493003777607246,-18.39880877534431,5
304,12.074080524217461,1.2703343814323709,-2.9734959226544357,5
305,10.836662528585013,2.882576990326397,-3.553912022719012,5
310,12.15616565854423,0.01126843879123468,-4.480270588437585,5
313,6.28503209998276,4.821677407791043,11.912266848640595,5
321,9.58063582751417,1.5971461457504954,-1.49937576983406,5
323,8.330765569755828,3.6062069484966557,7.465907753430657,5
324,6.44079246592855,5.850394534792772,-1.8897261048197476,5
335,6.17670960443116,5.711211232587293,4.012328600337,5
341,3.963501500244578,8.86016705143617,1.832164038254029,5
343,9.109715111209843,3.0084177938393912,-1.2594973395578581,5
344,9.952880729116504,2.9113397154188454,-8.474757643556064,5
345,3.804056981511361,3.5657734843581794,0.3398336059610402,5
348,1.0976077326153275,10.50852996581741,0.4378255855141516,5
360,7.582899991540101,4.5093563430967345,-4.673259856719633,5
362,6.607613003235004,9.708012026567232,-2.3607173649556312,5
378,3.3295827336947097,14.013337291721928,-4.559778562887609,5
380,6.433339222262632,6.249464504427743,10.171230477781586,5
381,11.877524335146166,1.2189630106042848,1.9768835550526593,5
388,11.757698407393736,0.3166059597870357,1.1323950393147793,5
392,12.253399162715525,1.9089708381483756,-2.804586053380257,5
399,9.325846856524226,0.3403797542441777,-7.811975722544327,5
408,16.415420932711093,0.45557721263357936,9.454440073064823,5
413,22.595663478593977,-0.044939162585364956,0.022571560340292174,5
416,13.004875819545404,1.3573969094216594,-8.49475830579908,5
417,15.038868092343682,-0.9892389292873169,7.678170960938876,5
423,16.829506664434238,3.0081636695226694,3.0834122744930013,5
428,12.730637607169307,-0.8227339191092996,3.398988167971564,5
430,13.617183263364147,1.7573538951874337,1.227117131891839,5
443,15.446249412888424,1.7721116203163751,2.926926635568976,5
453,13.313221049438335,1.7390393443675616,-1.9598968296690944,5
454,14.244961236130287,-0.10057735966163617,2.058763457770808,5
463,12.709528024899614,0.019158447357601027,3.406172440521646,5
466,21.96499617215718,0.7013851533923338,13.921487820593143,5
468,14.14832265971519,0.8123106935895381,7.652694134109368,5
470,15.34642521499841,1.7217729133611814,-2.2022156530264794,5
473,16.083305150150668,1.5263798991556699,-1.0193573461299787,5
474,15.276920667099407,-0.19898445025877232,-3.911262226359861,5
479,14.704668309677439,1.907338106577059,4.80379746389151,5
480,12.63471779666433,0.2882681499704508,8.94277287346935,5
483,14.189487281293404,1.4365372123926106,7.777532307000961,5
491,18.13716841548952,1.3653348362863924,-4.393143421095398,5
493,15.531710283950881,0.12496636477435441,-3.6179165539730307,5
495,10.418436921473218,1.6594509317773065,3.59336148679788,5
496,15.760034982614139,1.5606431874426552,7.909905907504097,5
497,15.168242374662345,-0.2057630428830895,2.293853542822895,5
502,18.445036229005563,0.7187871063825189,16.399939891041683,5
503,15.401985571415114,0.9191596330178963,0.48038749985818396,5
504,10.22206799453101,-0.11296476919152215,-5.157686544903908,5
522,14.72558827797955,1.5127585412602358,6.9286900625437156,5
526,14.716756791656403,-1.2360254406863698,3.7587733673329744,5
530,19.305626703172408,0.7036401830968426,1.812321766873013,5
533,9.932410773415716,1.0933277604918852,17.102241847433387,5
534,18.58313927236808,-0.6254597434195761,2.1292582233109467,5
535,15.662229847641566,0.9449875240969445,-11.989394213617967,5
537,16.187873558163634,1.8567369750991287,0.5816599430626286,5
538,17.211574375500696,0.0010317481831995101,-19.370892509250847,5
543,16.746044444690057,2.6161861320764372,-7.836778389853996,5
545,12.418818146812251,0.7966239075000388,-3.0825642520857848,5
550,16.76867684642971,1.1018455216137948,5.728998445435713,5
556,13.180882620816442,0.23148813856378597,0.516321126433909,5
569,18.153965112015957,1.4513015408830392,-2.891322979698618,5
571,17.584170701190892,1.159998780050715,1.2710972767734439,5
576,17.60007628061043,1.1203085208327823,2.09101911087125,5
578,16.520428639133808,0.6937792794450313,7.360497771610072,5
580,10.908142475960132,1.4460047903398063,4.611661244385198,5
581,15.763693206879196,0.6102588917904034,2.784397890561346,5
589,16.588332498732232,1.2872224914919919,-1.3623004152686895,5
591,14.893954624787739,1.004826148956488,-7.946304252421059,5
604,17.876001662350564,0.5553959913986486,6.083772147154023,5
607,15.180391608642436,-0.6565604718225153,5.48750987710953,5
618,16.15154288367881,2.09997789795792,-4.569159678191276,5
631,20.653309079480604,1.7240009339599807,3.86390192613366,5
633,20.403993090697185,1.2854979066475345,5.145627925268331,5
637,20.343478790844816,0.4422193535460432,-4.476953688622777,5
651,19.427880530267533,3.245806513582437,-6.648673228420141,5
659,21.12861886300237,1.8640251727670718,-6.827799881121655,5
663,20.79378645860694,3.4050953828223247,-12.370410306967738,5
669,18.376758167191074,0.6089941946737147,-1.1794622309407252,5
678,23.076407680259834,1.450437431432584,-6.733872176539476,5
679,20.329346308588875,2.02778705633349,16.834198353112054,5
683,16.99248554074746,0.7713591889368987,-6.290359908057892,5
685,20.460046626350262,1.065373670894508,-1.2319817410056446,5
687,19.191315227353932,2.4735383152779398,12.482295513533844,5
694,19.821968473164407,0.8540543043130857,6.506563558726938,5
707,21.98515176048331,-1.2323248946735894,-3.554380429441741,5
711,19.708616403213703,1.333334762772027,-8.718179519545009,5
716,16.787840444595666,3.424223313106849,0.7981126781183387,5
719,15.1633178073598,0.727232998046081,-0.954487795659326,5
725,19.971226957190748,1.1154703259892889,-2.410433419404982,5
740,18.246843368903225,2.082500034602721,-1.8441829867501052,5
745,22.067456319164855,3.1282269269759375,6.245226895904653,5
746,23.614340137604106,1.433971246546538,11.39702676894612,5
749,19.67526587137863,1.7405235546802305,-0.3773833919328785,5
764,20.05655543381774,-0.06924042141294673,1.1097900497964057,5
766,27.77244693166287,-1.6291115749069958,6.29265835477871,5
770,15.20595321336752,1.5217873943896518,5.44720418720182,5
774,19.666270610599057,-0.08070978471367157,4.277208724785582,5
779,19.412378220907584,-0.5262570768198034,-6.535994590410529,5
789,21.783742296178108,-0.0025834776054918795,-6.285643253463563,5
791,20.67471887784529,0.9966480951740679,5.723643752402126,5
798,21.821131787409364,-1.0295863401404985,-14.602869257202226,5
802,23.579420268578378,-0.21364481196075624,11.93172861141565,5
805,27.90407077715117,5.275734019400436,8.589110594344488,5
807,25.6626011189191,4.683711572468562,5.779207006419926,5
808,26.110039350086605,0.0693455585027915,-0.7713214514931026,5
813,31.723244273013965,4.59483374901636,-4.218626069812676,5
819,30.19120356015467,1.2969149511332783,1.6390776309726167,5
820,22.520717705712485,1.327182604194584,5.117182996589608,5
821,28.271738957277883,4.327057197553796,-9.163990821721967,5
822,28.480270978709406,9.307398888691996,0.8498600588535894,5
827,24.30895260489803,2.796143983291014,-1.1968804962628292,5
828,27.76796511385334,4.919052316718997,-1.9139952687885047,5
829,32.24730773607197,7.055889334118339,0.48765963810691615,5
835,21.653908334375114,-0.804181918158368,0.552345726022551,5
838,34.36221685695952,7.589200297765108,9.143910168075239,5
841,25.9514819762401,1.4751935557864462,4.463330772056301,5
842,27.552162951408164,6.154964993489826,-2.0353567364561433,5
843,24.49041275336446,1.0822255816485211,-1.3949154265480814,5
847,21.424312869344774,-0.7474421119125535,1.7011366896512161,5
850,26.757646650112225,0.03314250735069885,2.3192278131977195,5
852,27.885939281804543,2.4780188998805017,-6.489617633715152,5
856,26.640947859614446,5.82283701548939,-5.247341713913555,5
861,31.283395934300316,6.173130468327875,1.9304445357985485,5
864,26.946160435740925,1.2056787918714331,2.3548604597027336,5
869,26.27011681929139,-0.3230519204169106,6.831548712712069,5
873,21.557636023663548,3.4956645819617873,7.569122855414709,5
876,28.74202695497646,6.096168816501685,7.614931337242725,5
880,23.63260899720889,1.2592970551431688,-2.958500065201858,5
883,30.25807762007387,9.869963950885873,-4.104190284926453,5
890,30.452821206594287,3.5854567711713545,7.102907814848338,5
896,22.66445852060274,0.13399962812932842,2.1121503658026053,5
905,30.11696346304679,9.028214080115845,1.2482045786519644,5
910,24.197134820458697,3.2599803234987936,-6.149098980637249,5
911,28.310498045772057,1.85712078153387,2.527455471949528,5
924,26.329573158765417,5.787742130681601,-3.0358423832030907,5
926,21.004132340880002,0.7481023184690507,8.954716227532446,5
927,29.067889087631144,7.735860362360274,7.414020867832081,5
928,24.977243086304767,5.079861791523972,1.2116656809690007,5
931,31.79304671095962,11.142251696643719,2.0719311170768204,5
932,27.452232278635297,7.104840963471753,-4.360074720477365,5
936,28.379384867619564,-0.4273702117378119,7.635590912180657,5
946,29.089979504652547,6.198891125785878,-1.55087908981867,5
949,28.216514553331198,4.320659307394254,7.271901736398061,5
951,25.008114483562295,5.18800348509547,3.1795081099799325,5
952,25.988990582278966,0.8032033942896422,1.102854138734908,5
956,23.593924920011727,1.7705942570305169,-5.251558400238464,5
964,24.489038476453786,2.1975124854212513,-1.6377513279586595,5
965,30.860949606529037,3.600271075888788,-2.1669312629800093,5
968,41.481248619793085,10.929818852839974,-20.69158564609714,5
972,27.005377714702597,1.0376730871495428,-11.435038878321764,5
981,23.20825098928576,1.4561024044627744,15.447742078167993,5
983,26.740200821446468,0.21864741567491636,-1.1322552322202717,5
984,26.230837788774952,3.9441594660877857,5.17113709755232,5
992,20.82063275761601,1.168227954057148,4.442540773374815,5
996,25.314421804297606,1.46835453611854,5.828744275054308,5
998,24.723999664407838,0.38709372047123153,-1.4862547642576593,5
999,25.98395513112685,0.9670487728244206,3.0900975556352592,5
0,7.6548215990643484,-0.07768117115689227,-18.08398480093877,6
1,8.566395171718353,1.335069579717726,-7.068900422279793,6
3,4.051052775226242,0.705306793837333,5.6292829764648475,6
6,3.4055579623061947,1.2152065241327061,1.7154660490745992,6
12,8.056122464971633,-0.11243124712015423,-4.175625863937501,6
17,8.281703585946348,3.4519107597201613,6.935257880728485,6
18,6.904937235053306,-1.33427679057815,-0.8585328201407574,6
21,2.26519067056076,-0.3788743731433065,-2.1773213975669616,6
29,2.0483128352399773,0.9382476221735823,3.7544757963033373,6
32,4.8758097325013345,0.1784691106661465,-4.746160278220828,6
35,1.2839672231205563,1.6544278548496436,-10.527679550476359,6
38,4.39821482366947,2.0678803336762703,3.594277892965252,6
40,3.112294301895222,0.4637045757316847,4.62231453431869,6
43,3.57593236972904,1.4376442392145776,6.689649877060887,6
47,6.819170612035387,0.477616131263953,1.1367640450250969,6
52,4.745987764157588,-0.053481472562190435,-2.7556002216242694,6
60,6.837275828943149,0.8671626826399546,0.32318225726773153,6
62,5.726325150750873,1.2966286830442675,-6.8427682160903265,6
84,5.5343668489995155,0.9775695967525584,7.076378879201823,6
89,2.3499134000927175,0.5263827511023144,2.1514474859222554,6
95,5.11956364230838,2.485996868718099,-8.269821424069494,6
98,3.7516616496181943,1.9542396334474448,8.084440730545369,6
100,4.4904890403091375,-0.7819935878384274,-2.1703888598685404,6
103,4.2139931723295,1.1993992146522503,-15.54231160935565,6
104,3.117993352918282,2.1838489523100573,-15.360315858106492,6
114,8.156548446832186,1.8958585022015164,-8.372822912749715,6
116,4.436792901126747,1.818125760953378,-13.752889924122806,6
121,3.5288424904764093,-0.42141019652728595,8.669128923617818,6
129,3.4349583057921125,1.5612200326024506,-5.848197311486263,6
134,2.939198109160836,-1.4432732002888609,-1.7435755991399566,6
139,6.678464174816275,1.813494464727294,8.276373459686095,6
140,7.595077359763963,1.13952587184045,-13.744727442640908,6
142,4.422270625475897,3.0464667557908487,8.007032058886121,6
159,6.325233110727121,1.6198295962717606,-13.033223618851492,6
163,6.3248726431143885,1.5612331011165963,-13.120766677770757,6
173,7.586680676510774,1.8043579557600748,-1.6588594593848953,6
177,2.9332997020376483,1.4162465394275254,-0.8541506417872895,6
181,5.917540713278607,0.3964038106059101,7.140648008463072,6
186,-0.784676284415075,2.6265472198291806,-5.344207220480714,6
190,7.078822564133227,-0.5182053598411659,5.569568514338741,6
193,8.765533102041179,0.7011300437109651,4.543079129183476,6
203,8.169842759805222,5.807687936543891,0.5730445916358429,6
205,4.936877329625853,1.250625126246682,-0.6677968370491503,6
209,4.493876073539369,14.531456100060904,-4.081374262447178,6
217,-0.4396789006323927,4.737922920818231,18.275279228820864,6
218,8.09969640457078,5.439048623863022,-3.982907464261896,6
221,9.82973713989496,5.886832652156511,3.1287968249251774,6
223,9.015736684477488,4.757522451755285,1.1049510234443138,6
224,10.970461797778063,1.1012275563147478,-5.563879429123908,6
231,4.0528524982594005,9.531704073901004,9.893576458748532,6
236,14.85696915500736,3.8118095138666774,6.132474035625678,6
242,7.41060327282516,4.980799123173021,0.18011222993855192,6
243,3.0756744379995284,15.356891099318954,-4.776601776783349,6
253,8.394288040769196,4.917978310374117,11.546529629673646,6
255,9.524560284655603,1.3375263435758307,8.25924733869652,6
264,7.999533939011344,0.4930619683540663,3.1668902678988267,6
265,5.977509784171784,6.100417393803209,4.3383846137857764,6
270,11.768393313752338,6.374363575385924,3.485086235010284,6
277,11.709079594656176,3.0459313406226984,8.48442554174459,6
283,11.285237931046003,2.043048099405226,9.632875285924646,6
288,11.106798220954,2.0257877157015267,2.1891280177349,6
300,10.869838930151813,4.807551251335147,-0.20345320313544935,6
303,2.8662430698941055,6.538147009404402,-18.35580468864303,6
304,8.891853832434613,5.48663605088466,-3.272224293115982,6
305,11.132190994062043,3.211402824437548,-3.7755863708632385,6
310,8.726062798498422,4.008306722275871,-4.793997705803637,6
313,2.8091326596565915,9.174639521254834,12.311184588188528,6
321,9.385660274925614,1.658797222520747,-1.9039470865665598,6
323,8.342608142401332,3.6692965269136124,7.5750129726549575,6
324,6.614772253165436,6.237602682226594,-1.4438338714381682,6
335,5.895089052965227,5.930127159586895,3.646898959094297,6
341,4.336442458793793,9.20007740258478,2.1664047548360528,6
343,5.881127994910234,7.257330781346034,-1.7481042868569934,6
344,10.145144342736002,3.387650875043957,-8.245272144501117,6
345,4.292937014810347,3.735291153745977,0.07782993175597108,6
348,-2.5799534365702783,14.854281805479168,0.9186488686000315,6
360,8.062959699676403,4.80531856851677,-4.863909579368874,6
362,6.951241208178676,9.93224756055159,-2.798292059498011,6
378,3.7109854106403453,14.121833457217365,-5.059265278393395,6
380,6.760273148037296,6.412983996261413,10.558475169706181,6
381,12.30661504408404,1.6478610235164406,1.7702958063193837,6
388,11.496817537399636,0.7193815480725503,1.1508785812608262,6
392,12.663389411453856,2.2423459594796413,-3.1939642671696955,6
399,9.477924261434751,0.5987109356493219,-8.230881529071153,6
408,16.46036541966077,0.7023515983955699,9.237633125373847,6
413,22.87512899385524,0.0660912564574207,0.03858619673874164,6
416,13.37690358511506,1.7729217476391335,-8.339235909635565,6
417,15.139112060675338,-0.7645357864316813,7.7422800795756785,6
423,16.94783524759533,3.0680626998064184,2.6198208319483207,6
428,12.415297022332606,-0.6644200386311173,2.9284625466940026,6
430,13.22398868013182,2.0596955536493042,1.3637172621156708,6
443,15.51745641932029,2.2034688124769666,2.568758432571996,6
453,13.238894138408789,1.9675967020284322,-2.0809005527600384,6
454,14.280337846144333,-0.018109791700423317,2.098025219768115,6
463,12.86485505246184,0.46648893653607304,3.752889691174945,6
466,21.532479742120877,0.81954360767056,14.118949885284591,6
468,13.677599539019724,1.248608134632263,7.327877918615512,6
470,15.584837166807331,2.0314498165905746,-2.4865587944011818,6
473,15.8390710691497,1.8837814215134268,-1.5050411780713708,6
474,15.149016653746108,0.11254388245050095,-4.031861598816326,6
479,14.676659684793973,2.0455132056738337,5.244330023503817,6
480,12.592018949916126,0.6431456345163041,9.35902710563274,6
483,13.89111369939987,1.908499426775187,7.427747316967728,6
491,17.955228980563884,1.7737794576953931,-4.108224455227791,6
493,15.041695003334091,0.14882351077425687,-3.9986807738574246,6
495,10.839764436126067,2.0008233410411904,4.067291285833107,6
496,15.798324243991486,1.761310317604043,7.969631525782601,6
497,15.531293166301818,-0.08510297970386366,1.871587834294984,6
502,18.256467438511926,1.2104643563858943,16.510210825567608,6
503,15.084700677092428,1.2485990726502152,0.5929078982525234,6
504,10.152926662569051,0.3178311769059564,-5.0252204282891535,6
522,14.472305531984901,1.5722008268190688,6.6064689033755215,6
526,14.400102164273061,-0.9569643599685137,3.9479426602659085,6
530,19.255095205508816,1.0030508443465354,1.8231543954886216,6
533,10.363036272720576,1.2495847123998018,17.168822317133273,6
534,18.769216941096246,-0.5203604816114497,2.1034578492436036,6
535,15.960336922182258,1.0345527138065675,-11.707145861732013,6
537,15.953996985500126,1.8893118593046114,0.16919489906644813,6
538,17.70838451102336,0.4592467808126452,-19.655783075071557,6
543,16.592537479157016,2.927966361008684,-7.602037089361217,6
545,12.694812044794856,1.1792057630828365,-2.8742493149701716,6
550,16.649706300540444,1.5918591597623168,5.3817741319558206,6
556,13.078468434674841,0.5947574268221739,0.963242099222719,6
569,18.548632650554026,1.9237501856182282,-2.841048984080059,6
571,17.341205115157944,1.244288699190889,0.7866106474480853,6
576,17.97707535903176,1.3537047125918253,1.8040747776589843,6
578,16.233385397953285,0.747110505263971,6.909207460918481,6
580,11.352344259689229,1.8926300812645835,4.256302676334364,6
581,15.870112085511497,0.7094204245444449,3.060044691280563,6
589,16.495827874005233,1.702642506975118,-1.7004407256245488,6
591,14.427895671551369,1.1875739276753645,-7.562805941360452,6
604,17.933384479145943,0.5650819014362071,5.709546581421248,6
607,15.063110022106297,-0.4315897661650174,5.565164003210773,6
618,15.875378533351954,2.5936622864286427,-4.5572756442747195,6
631,20.39871945665097,2.1488856004834123,3.665133181508494,6
633,20.881266111474215,1.773294805009487,5.080630868415272,6
637,20.808347695668132,0.7505475872899203,-4.545902015893616,6
651,19.647218802066455,3.569378703158799,-6.293597094333575,6
659,20.904239606341335,1.873933696958789,-7.11822005200145,6
663,20.301506793424526,3.8237434555285588,-12.137559423061038,6
669,18.78295634376395,0.8454061385778003,-1.1261601920576267,6
678,23.388106558827474,1.6412535678828963,-7.068366803610119,6
679,19.846699377807898,2.2400262595164198,16.375525459766134,6
683,16.78825461475203,1.1191633157297258,-6.073426520539949,6
685,20.461185221685117,1.2123418529438421,-1.330686617522872,6
687,18.776206304450906,2.7250635057363093,12.158690459667998,6
694,19.460653362036684,0.9661595237949823,6.689995450277507,6
707,22.010997887363807,-1.1143025753050195,-3.983465462174046,6
711,19.703568625940935,1.7880136461189593,-8.985165891208254,6
716,16.740478182917546,3.6372313565942065,1.262054751090918,6
719,15.250723058384418,1.1499267398877357,-0.9251365970087004,6
725,20.164113106310026,1.4023866094349327,-2.8607996841547214,6
740,18.146529301881518,2.53928064468173,-1.9555256576902351,6
745,21.59857693450757,3.274833428271153,6.380657746277253,6
746,23.7919921270669,1.9310847421696973,10.946427981658102,6
749,19.88935040961406,2.018447590542719,-0.7672417268051306,6
764,20.364001073520836,-0.027983598556884204,1.2911757973031581,6
766,28.095229926728155,-1.4899347287289757,6.494295505229479,6
770,14.87166312140732,1.5713260314431077,5.507555135632785,6
774,20.138903686904055,0.08934851731246546,4.224540506577468,6
779,19.416866226429363,-0.27025055815032656,-6.4614830431285215,6
789,21.69431192376999,0.09741156159317405,-6.497759405143029,6
791,20.76874821795463,1.4087394124154016,5.991240320476896,6
798,22.260532428790892,-0.6809606123742322,-14.297470807928407,6
802,23.981380708026126,0.05945182288950196,12.234853281709208,6
805,27.88223897631971,5.690131815345068,8.118725527676244,6
807,25.39638698176291,4.730949148327215,6.2096227811764075,6
808,26.573260752502257,0.4494530605526547,-1.100995521958677,6
813,32.11199589541922,4.785385027410948,-4.368540243141038,6
819,30.581784957947,1.3505544292919391,1.7033559521034831,6
820,22.45804949155502,1.7181540608163794,5.1515313133733525,6
821,28.068836046516903,4.503206381946978,-9.244126063744606,6
822,28.867858184080568,9.47544243230421,0.9207374620086577,6
827,24.66804698262624,3.2483799900856547,-0.7881863167052179,6
828,27.38954897380824,5.005211586649236,-1.988630717875734,6
829,32.13595589959177,7.18274142906434,0.3625373746048095,6
835,25.713960579610063,3.7129386834207976,0.2731802893803318,6
838,33.98219521465416,7.642283684993611,9.346888365472374,6
841,25.701990934584405,1.6508135197053393,4.51702136916774,6
842,32.24222525810809,10.805717557767666,-1.5535654696281767,6
843,24.811761795866424,1.129232226346943,-1.4024264135060398,6
847,21.306496170848295,-0.4844218895109506,1.7171925907076717,6
850,26.260381944782793,0.3432848386968221,1.9342332293763735,6
852,27.58941622986295,2.684537906491401,-6.650179939660529,6
856,31.10994995322424,10.610687878542294,-5.299216866214806,6
861,31.208196106031117,6.527077371286913,1.4850824980297157,6
864,26.811235476580922,1.6277102552195342,2.4943145677302088,6
869,30.335853832468537,4.258788566219859,7.160764344114608,6
873,21.991626907177437,3.691304055710853,7.381434738764555,6
876,28.500892129618265,6.185161378545992,7.165196980448776,6
880,23.527112584756114,1.5396831683864287,-2.9360904531921914,6
883,30.20870885027555,10.213296962989116,-4.529704102346426,6
890,35.41521132405092,8.136017106521553,6.771603390323781,6
896,22.68146393055136,0.36573990117718774,1.7599383758607225,6
905,30.116502186094547,9.177679043766181,1.1166624357205892,6
910,24.498119456085202,3.65730634233314,-6.229491492816869,6
911,28.80324797410874,2.0928317202816333,2.7319489431425534,6
924,30.797388027925976,9.750387548156727,-3.3858761214503135,6
926,20.737151504054037,0.7693697281121804,9.175973419975687,6
927,29.36436317162329,8.12649038491792,7.6897213657275545,6
928,25.08813463128176,5.134674620800006,1.2767346880280606,6
931,32.08024380665427,11.601107200053567,2.4861065679465075,6
932,32.18682446323215,10.964549993381617,-4.679639982923957,6
936,28.216375453268242,-0.3145619837937851,7.589784886306689,6
946,29.51366633414242,6.477498724594745,-1.0850004669684432,6
949,28.39585325068453,4.769157280980976,7.554412546302456,6
951,25.003827894591637,5.322147230708175,3.106384409775547,6
952,25.497947213342353,1.1975537305127582,0.9764157441240776,6
956,23.866028465414544,2.0921838890321784,-5.029492285514926,6
964,24.356909557465418,2.6413938643387675,-1.3382421818435914,6
965,30.680131603834067,4.031192949842602,-2.2605019241864146,6
968,41.4373539834774,11.085747795296971,-21.04767835237807,6
972,31.231543853477447,5.690123287586625,-11.429579913211038,6
981,23.180120019664994,1.8768001509009133,15.4166972762391,6
983,27.20515363163294,0.28757732441169803,-0.657391586067759,6
984,30.653511847492446,8.250862511701262,4.818766498835587,6
992,20.841433003019123,1.3608099821284276,4.213914292482331,6
996,25.218990279603634,1.5608786273041968,5.639374234015806,6
998,25.099900675632973,0.843367043121748,-1.1347383612442878,6
999,25.534040407525037,1.2932526685899512,2.9734852037814647,6
